Date,Actual_Y,VaR_Benchmark,VaR_Copula,Breach_Benchmark,Breach_Copula
2024-01-02,0.05964364545487786,-2.4764042343120267,-1.6378303058813852,False,False
2024-01-03,-1.9393303665201156,-2.2727310357607218,-1.5322776182805975,False,True
2024-01-04,0.9865968435894604,-2.2993031680477003,-1.406667997177261,False,False
2024-01-05,-0.5026637392852693,-2.6405087146678623,-2.1805783184402006,False,False
2024-01-06,-0.6408817430392396,-2.4428842588914104,-1.6201932893533142,False,False
2024-01-07,-0.5769756324468345,-2.3900968868715857,-1.4874669300664984,False,False
2024-01-08,1.8387531010512155,-2.4210211813525957,-1.6013031383809113,False,False
2024-01-09,-0.49443527499847917,-2.8765295815246272,-1.9798763714340386,False,False
2024-01-10,1.766429034555159,-2.5324364064903646,-1.59091694567477,False,False
2024-01-11,0.17357772989211875,-2.9246348742254487,-2.2141922695633927,False,False
2024-01-12,-2.420687125055202,-2.6916318446097294,-1.7660464439660195,False,True
2024-01-13,0.4129904189764999,-2.716060356957609,-1.7233350431027221,False,False
2024-01-14,-1.0090927113456059,-2.925379433698428,-1.9960119705554689,False,False
2024-01-15,1.0376618494532186,-2.8236862871727624,-1.8234968247738992,False,False
2024-01-16,0.3441614816922358,-3.021126212438943,-2.0875841881815367,False,False
2024-01-17,-0.7584826624667986,-2.8803618599271332,-1.9228012602020896,False,False
2024-01-18,-0.9008750743452414,-2.7192560414525024,-1.778593690456177,False,False
2024-01-19,0.037279176512760366,-2.75998559932333,-1.7593063290436675,False,False
2024-01-20,0.07341571995712703,-2.753818287626906,-1.8050761322975206,False,False
2024-01-21,-0.19724793785378783,-2.636881845516616,-1.732870824012603,False,False
2024-01-22,-2.2209595242999773,-2.503472861883844,-1.7149476114296476,False,True
2024-01-23,-0.6323879067445911,-2.57260587335651,-1.6295693673902385,False,False
2024-01-24,-0.13838156117660105,-2.7768086115534567,-1.789639319595841,False,False
2024-01-25,-0.35999364453139737,-2.7480202508594695,-1.909253197902183,False,False
2024-01-26,1.4519919449290595,-2.624933379152297,-1.7390302828411028,False,False
2024-01-27,0.15394275694608997,-2.921378075986369,-2.006183002335067,False,False
2024-01-28,-0.28858290027506883,-2.691287418657095,-1.8203983355419053,False,False
2024-01-29,0.974173127960299,-2.5498024077323374,-1.6481572843483396,False,False
2024-01-30,-0.4977974575306704,-2.732059800431968,-1.8733638630523028,False,False
2024-01-31,-0.8232209492855206,-2.5200018512805467,-1.64097002725305,False,False
2024-02-01,0.2079216920421509,-2.501481727795736,-1.674344064480732,False,False
2024-02-02,0.10216949926083023,-2.534613085448584,-1.668594427938429,False,False
2024-02-03,-0.08359868555182098,-2.429080310734631,-1.6679544331425022,False,False
2024-02-04,-0.2958955470780628,-2.296364807531868,-1.6059764664816505,False,False
2024-02-05,-0.08186640713557058,-2.22563542271327,-1.4540557313640485,False,False
2024-02-06,0.4580635867307678,-2.1720025872845343,-1.445089737211626,False,False
2024-02-07,0.8784342073314038,-2.2036386912847488,-1.4419828800028887,False,False
2024-02-08,0.6017798692623618,-2.2954188149895307,-1.5971496401035385,False,False
2024-02-09,1.0933260885088365,-2.26239445526221,-1.5201390736783924,False,False
2024-02-10,0.16989028651845342,-2.3914998960419904,-1.8119704012920086,False,False
2024-02-11,0.05879327339940207,-2.2308580146957904,-1.7332699510228735,False,False
2024-02-12,1.3960782112294488,-2.1231066527463605,-1.3990907027431265,False,False
2024-02-13,-0.3953541716558293,-2.411946323203836,-1.6631131047244037,False,False
2024-02-14,1.546334149274455,-2.1615237584220712,-1.38997073041488,False,False
2024-02-15,1.0636841036900042,-2.499699827585345,-1.6521003609753202,False,False
2024-02-16,0.1490423810369193,-2.5493728995535516,-1.67077793676351,False,False
2024-02-17,-0.6575749274949223,-2.344043859136276,-1.5237925466796955,False,False
2024-02-18,0.39474391036629786,-2.289902435841386,-1.563287569395211,False,False
2024-02-19,0.18998130156916243,-2.3591631809863842,-1.6627427034417572,False,False
2024-02-20,0.4474682403484799,-2.2723305914739504,-1.4941905183908277,False,False
2024-02-21,0.08080341784982292,-2.249827307178545,-1.5643528617580846,False,False
2024-02-22,-0.19116318647843566,-2.129175193394506,-1.8368410886713413,False,False
2024-02-23,-0.6452334641997108,-2.0401456516552376,-1.4660945509955916,False,False
2024-02-24,0.715719526776621,-2.0264623320062105,-1.294394614360533,False,False
2024-02-25,0.5670243492524113,-2.1802068257634537,-1.4528592090090195,False,False
2024-02-26,1.302039401965404,-2.1644900841271633,-1.427321138861822,False,False
2024-02-27,1.1546202063622206,-2.3434042533861605,-1.5911758615169118,False,False
2024-02-28,2.0669066438556243,-2.422982892913476,-1.592180078414795,False,False
2024-02-29,-0.7087817174175819,-2.7662316246216814,-1.8785462509109092,False,False
2024-03-01,0.919728608782484,-2.4567143481361207,-1.5726126432484613,False,False
2024-03-02,0.38617114069771186,-2.6337110198572806,-1.7330716101673127,False,False
2024-03-03,0.2865766772094671,-2.556818629337006,-1.7941362181474858,False,False
2024-03-04,1.8561452229297726,-2.4489908710934487,-1.6324603396240225,False,False
2024-03-05,-2.459792736099671,-2.81854321579539,-1.8674970320921507,False,True
2024-03-06,2.242192746524129,-2.6650492755761404,-1.5955690734621033,False,False
2024-03-07,1.4172875286245339,-3.3714867103215855,-2.347303557314919,False,False
2024-03-08,0.42314433074036717,-3.4495185085021163,-2.3763740190595044,False,False
2024-03-09,0.16229284683516257,-3.1714317513252706,-2.1476580988248655,False,False
2024-03-10,0.5435591818911267,-3.020492954050941,-2.003946687083471,False,False
2024-03-11,2.2432638951561517,-3.0068163641099344,-2.1027712908030884,False,False
2024-03-12,-0.4850543347104234,-3.4381838299766962,-2.302813856269571,False,False
2024-03-13,1.9229195127442527,-3.0158752672180085,-2.0308849152910198,False,False
2024-03-14,-1.409947589457281,-3.414222153218881,-2.303401936801504,False,False
2024-03-15,-0.8939726442109316,-3.1611299052038158,-2.09341734192779,False,False
2024-03-16,-2.861208275522925,-3.224460529640315,-2.20179963669313,False,True
2024-03-17,1.2078731608973676,-3.4924672301270294,-2.1762101750134777,False,False
2024-03-18,-0.7000695868498253,-3.8652382058744412,-2.700886863406543,False,False
2024-03-19,-4.160464078037441,-3.541640805738116,-2.369269435832423,True,True
2024-03-20,3.6259615106351983,-3.8006368341368777,-2.427201347741638,False,False
2024-03-21,-0.31506137368627896,-5.063502474314398,-3.612690237192525,False,False
2024-03-22,-1.5259039258342078,-4.3545872045231055,-2.960893656454178,False,False
2024-03-23,0.3548327896021666,-4.133179428874874,-2.7267558289365534,False,False
2024-03-24,1.3832126071311626,-4.185059523548664,-2.750497484187481,False,False
2024-03-25,1.3113212082194776,-4.312238896685785,-2.835860523654171,False,False
2024-03-26,-0.23255673706744073,-4.269966578318211,-2.8037600160723275,False,False
2024-03-27,-0.8059417439939446,-3.8764398634339807,-2.6796790157224017,False,False
2024-03-28,0.6639310684364903,-3.7725820195737283,-2.4963008329097396,False,False
2024-03-29,0.19962970518983408,-3.8364790120628083,-2.697044401366168,False,False
2024-03-30,-0.4186123154970396,-3.624282361925466,-2.45204135443728,False,False
2024-03-31,0.8453175925552899,-3.4094485279170135,-2.3179175795388387,False,False
2024-04-01,-1.5466522241409772,-3.497749038359108,-2.4359712121464976,False,False
2024-04-02,-2.5367527021941636,-3.333338543909486,-2.111532389197218,False,True
2024-04-03,0.2725408519563414,-3.546191952229207,-2.316773511592117,False,False
2024-04-04,1.0866927457313513,-3.6923852022763146,-2.719725541651493,False,False
2024-04-05,-0.3410911084835934,-3.770183686933815,-2.9639458588709133,False,False
2024-04-06,0.44531252293207596,-3.397071855586304,-2.2969987026573633,False,False
2024-04-07,0.3399636545099593,-3.349058481587868,-2.288613876012205,False,False
2024-04-08,1.469134026461381,-3.244608854479455,-2.5521268491076805,False,False
2024-04-09,-1.2918050271238943,-3.4329476579163676,-2.3243751398611843,False,False
2024-04-10,0.8315689141506204,-3.1753049445336625,-2.0851563123541874,False,False
2024-04-11,-0.4189830364514907,-3.3255790885715237,-2.3359607862956167,False,False
2024-04-12,-2.5468323313784467,-3.1344851193913295,-2.0831788945171494,False,True
2024-04-13,-3.247926411785534,-3.193736135188573,-2.0711087190704394,True,True
2024-04-14,1.2654473654078244,-3.6661135838319145,-2.254334360800372,False,False
2024-04-15,-1.0496718643936498,-4.115914300254512,-2.827265429934844,False,False
2024-04-16,-0.3998096921953358,-3.790710570852888,-2.983008174527987,False,False
2024-04-17,-1.0455146557427222,-3.6466824126230306,-2.460597260362187,False,False
2024-04-18,1.1299356038344857,-3.6230644181711393,-2.3782158656735355,False,False
2024-04-19,0.15930480815471315,-3.81329215536903,-2.612101949361451,False,False
2024-04-20,1.085988112606735,-3.556669654969085,-2.429514741871273,False,False
2024-04-21,0.011933538196143172,-3.6091539815291704,-2.371517617417675,False,False
2024-04-22,1.4335118383841399,-3.336999233938109,-2.2469678658145105,False,False
2024-04-23,-0.22331156875668554,-3.5343139812161204,-2.6241948102366486,False,False
2024-04-24,-1.0553506555977066,-3.216941574388163,-2.570814400614952,False,False
2024-04-25,0.11253322859692208,-3.1381670191689475,-2.3557557294017037,False,False
2024-04-26,-0.5625771648325284,-3.144373449145911,-2.0995894572084133,False,False
2024-04-27,0.19237746020089708,-3.016517765402291,-2.0347035896962002,False,False
2024-04-28,-0.24161563480936893,-2.938824001022922,-2.1102990317938843,False,False
2024-04-29,-0.09672690794173416,-2.792210542790229,-1.9134043258947881,False,False
2024-04-30,-1.9579978160892562,-2.6712101078853405,-1.7968704248822598,False,True
2024-05-01,-0.8846699221796799,-2.7288661445952416,-1.8131429288259069,False,False
2024-05-02,0.23438311286290503,-2.898088334706728,-2.2870479813720386,False,False
2024-05-03,1.8557336926132033,-2.9162423368489607,-1.9393796823630625,False,False
2024-05-04,0.2040074176849706,-3.244383279408108,-2.202289321621466,False,False
2024-05-05,0.14767634886807496,-2.945944234521303,-1.965888375793672,False,False
2024-05-06,-0.4443532131911894,-2.793127445252275,-1.864788832493946,False,False
2024-05-07,-0.8554115112408749,-2.710241759012928,-1.8014620595550646,False,False
2024-05-08,-0.41704139765600196,-2.6971359536422295,-1.9739882107972502,False,False
2024-05-09,0.7759829189946286,-2.7064805896108917,-2.0198150167755586,False,False
2024-05-10,-1.5207185147188844,-2.816449831378822,-1.9012435067317093,False,False
2024-05-11,0.08677851266285755,-2.6854462308262335,-1.7276289786356038,False,False
2024-05-12,0.15952552587190208,-2.7185928260642385,-1.831809963232008,False,False
2024-05-13,0.30009363869174127,-2.646228773149456,-1.904478022465848,False,False
2024-05-14,-1.1189644398569716,-2.551689803424332,-2.1873704528987945,False,False
2024-05-15,2.1238536657579195,-2.478007878660943,-1.68307154233608,False,False
2024-05-16,-0.9102305482342343,-3.049939203576326,-2.0729707767377437,False,False
2024-05-17,1.1935581674863387,-2.7141430903231103,-1.9096894859770321,False,False
2024-05-18,-0.027351852730218583,-2.9411440834180103,-2.247283113379923,False,False
2024-05-19,-0.6215257957510347,-2.713730909377345,-1.939728382123808,False,False
2024-05-20,3.736107610387152,-2.6007517517458516,-1.714757471827264,False,False
2024-05-21,0.35712451566149905,-3.653485171540034,-2.6342326960733997,False,False
2024-05-22,-0.5772327038017521,-3.2181679522071245,-2.215585732311952,False,False
2024-05-23,-0.5118164177217637,-3.005563311423957,-1.9021056388155637,False,False
2024-05-24,0.09612765136507526,-3.0400431091072373,-2.055148240598988,False,False
2024-05-25,0.2509578022500317,-2.967840442919454,-2.019313811247026,False,False
2024-05-26,-0.27053271901253956,-2.874035256096727,-1.9333941616074102,False,False
2024-05-27,0.43285799656036617,-2.7143782305539936,-1.7428198228676672,False,False
2024-05-28,-0.5200190527417717,-2.7170730382082766,-1.8438614586942512,False,False
2024-05-29,-0.5828585960368942,-2.5782218260218177,-1.7146585028033834,False,False
2024-05-30,-0.0311611566740679,-2.5492404871052,-1.6470290178514522,False,False
2024-05-31,-0.24185163997533785,-2.5185594669311375,-1.6888493617295024,False,False
2024-06-01,0.18395405930902356,-2.4168475310948985,-1.5737138682992222,False,False
2024-06-02,-0.15559385299729195,-2.3592061867762655,-2.041438769261774,False,False
2024-06-03,0.5918524033290247,-2.2387354984870713,-1.5159469823693943,False,False
2024-06-04,1.4069924650339225,-2.2967438425903484,-1.5348514487073768,False,False
2024-06-05,0.342895373616386,-2.53520175593465,-1.6853827413098759,False,False
2024-06-06,-0.17080856514203363,-2.367227739997946,-1.6744218507806135,False,False
2024-06-07,-1.39181863759593,-2.2275231462265714,-1.4590938767589485,False,False
2024-06-08,-0.14220768911303655,-2.280530920412927,-1.5904820833845932,False,False
2024-06-09,-0.0003436718573430692,-2.360896335299695,-1.5853135148055242,False,False
2024-06-10,-0.973035898811278,-2.280220382534261,-1.7033884235484833,False,False
2024-06-11,-1.610540135576525,-2.222359427431899,-1.5153863161448775,False,True
2024-06-12,0.7325683612314049,-2.3638956885307514,-1.4879682051630772,False,False
2024-06-13,-1.113625211691294,-2.5922653344691224,-1.7647325719001277,False,False
2024-06-14,-0.31903231538929333,-2.4575727486075065,-1.6669001001723818,False,False
2024-06-15,0.5829720377979442,-2.457821018784266,-2.000715694843265,False,False
2024-06-16,0.22083494443318444,-2.5471238852187494,-1.7583564752393204,False,False
2024-06-17,-0.31615717987835856,-2.4181108550192296,-1.6593149579106263,False,False
2024-06-18,-0.9654478478265933,-2.287943799358495,-1.5161319585512592,False,False
2024-06-19,0.35160947341939425,-2.2985405611934455,-1.5065753589340836,False,False
2024-06-20,-0.4621156129099813,-2.371093595973325,-1.8356703918943673,False,False
2024-06-21,-0.2636708742783544,-2.2567668042927487,-1.5171262983730118,False,False
2024-06-22,-0.002531946578197433,-2.2009654821495546,-1.9275106263737014,False,False
2024-06-23,-0.8777497222606436,-2.146901724637143,-1.4460561593242034,False,False
2024-06-24,-1.281235407688189,-2.10545463266493,-1.4178600704493576,False,False
2024-06-25,0.6239370411035925,-2.206602713363736,-1.4331544350746563,False,False
2024-06-26,-0.6003866013979438,-2.389381852932885,-1.786912417126755,False,False
2024-06-27,0.6318925056303801,-2.2423400279018213,-1.499225539982198,False,False
2024-06-28,-0.8785621587234838,-2.3247965999255604,-1.5188345800828906,False,False
2024-06-29,0.14544868055083351,-2.2204516495440814,-1.601731084745329,False,False
2024-06-30,0.8637782063302584,-2.2127307361192936,-1.516143094467862,False,False
2024-07-01,-0.15317761947806735,-2.350788328917026,-1.7938982561851675,False,False
2024-07-02,-0.14643439843475592,-2.1270762148292652,-1.4513976489605744,False,False
2024-07-03,-1.6021116104521038,-2.051515958253547,-1.3542827833868927,False,True
2024-07-04,-3.0069681758463105,-2.123337310180184,-1.3356596426389182,True,True
2024-07-05,-1.0323469279392672,-2.5016300325865757,-2.1485121476616262,False,False
2024-07-06,1.6579630424580039,-2.8454860081643183,-1.8035727808135937,False,False
2024-07-07,-2.3877697940597287,-3.261259995054329,-2.222889738141207,False,True
2024-07-08,1.0532265290017904,-3.0645021782532935,-1.8752570982679686,False,False
2024-07-09,0.6596424672778648,-3.3409666860055767,-2.1874200193211344,False,False
2024-07-10,0.17516981638480433,-3.313250624669341,-2.2742335382105128,False,False
2024-07-11,0.046749509593423604,-3.0649678305574604,-2.1227012655224544,False,False
2024-07-12,0.776773229016741,-2.906353615270336,-1.9421565867029171,False,False
2024-07-13,1.2078025723947132,-2.9701406780302335,-1.9748408206994714,False,False
2024-07-14,0.8137777057559599,-3.0822632427458805,-2.1124607974895615,False,False
2024-07-15,2.4666692918293998,-3.0249633469748654,-1.9483461390010228,False,False
2024-07-16,0.3022035697686709,-3.4940192735479596,-2.331930050998873,False,False
2024-07-17,-0.0032081210486520845,-3.1786622413672467,-2.079155623229583,False,False
2024-07-18,-0.6428054114274491,-2.969194546970942,-1.9518650562993627,False,False
2024-07-19,1.146866348463433,-2.9249197339474686,-1.9811918099936299,False,False
2024-07-20,0.4105472673140958,-3.1395341558219534,-2.0912484770911637,False,False
2024-07-21,0.31213970710103606,-2.9953826934595114,-2.034162629481307,False,False
2024-07-22,-0.5437111929325729,-2.860286145440916,-1.9578686635489233,False,False
2024-07-23,-0.49931242748343924,-2.745026433607711,-1.7250922462231786,False,False
2024-07-24,-0.5592510136747201,-2.7178109081125834,-1.7912656794717428,False,False
2024-07-25,-0.8695944166387082,-2.6976625658189026,-1.7808740983250368,False,False
2024-07-26,0.9837712227241031,-2.689468375206408,-1.7089725235108837,False,False
2024-07-27,-0.17256922630759783,-2.886202784686742,-1.9640842695561558,False,False
2024-07-28,0.13466835032511149,-2.640768985365402,-1.763751822785773,False,False
2024-07-29,-0.3871578702501621,-2.5329373306181546,-1.6358441485929114,False,False
2024-07-30,0.21425065827472703,-2.4484501664834517,-1.6322071922166412,False,False
2024-07-31,-0.7841360186030626,-2.412226441063519,-1.6053948958707904,False,False
2024-08-01,-0.45111987926069225,-2.337862029563469,-1.5322442924357482,False,False
2024-08-02,-2.7970632349740594,-2.3432700107664246,-1.5248761450649562,True,True
2024-08-03,-0.8506928256718039,-2.561232581048812,-1.7255045467939454,False,False
2024-08-04,-2.7000803581689965,-2.8186203581518914,-1.84243827055212,False,True
2024-08-05,-3.4218371569456973,-3.048711063550966,-2.1454913688913826,True,True
2024-08-06,1.2599215038474085,-3.5195679245066995,-2.186441026596834,False,False
2024-08-07,0.2744814247191223,-3.9601024114441223,-2.758979600001812,False,False
2024-08-08,4.222335487371214,-3.6996856946568766,-2.511038702845341,False,False
2024-08-09,-1.3032476923353995,-4.66352687751522,-3.902085685221592,False,False
2024-08-10,0.31896414278708013,-4.031019323520786,-2.572737242864677,False,False
2024-08-11,-1.5732566544568058,-3.9308348020835164,-2.5044945690548674,False,False
2024-08-12,1.2476979386318887,-3.9060564973449745,-2.6156816608672386,False,False
2024-08-13,0.3257997786731039,-4.129920663517069,-2.7594898488732813,False,False
2024-08-14,-0.7762437885682266,-3.891851290299239,-2.8576827526917543,False,False
2024-08-15,-0.9219982999688779,-3.6625850027634117,-2.4779499900124318,False,False
2024-08-16,0.39298183983848206,-3.6490487570776247,-2.2756249603636967,False,False
2024-08-17,0.599861243599614,-3.642512302976148,-2.374200645467291,False,False
2024-08-18,-0.48101104821639784,-3.5697232480442413,-2.4146008816048985,False,False
2024-08-19,1.2372389123133165,-3.330206711508843,-2.2776095471612394,False,False
2024-08-20,-0.3387468690333678,-3.5237848484446315,-2.3751775551422893,False,False
2024-08-21,0.7020573849708599,-3.235329384356087,-2.1415373589908198,False,False
2024-08-22,-0.06710930298563952,-3.2632120634368333,-2.150889208983835,False,False
2024-08-23,1.6384599753201026,-3.0445300741538475,-1.9865667207933904,False,False
2024-08-24,-0.161161745924681,-3.327492609582363,-2.2611357388617077,False,False
2024-08-25,-0.39334133712113956,-2.989129052326485,-2.1315401379617427,False,False
2024-08-26,-1.2589367921197043,-2.8804799336876306,-1.8998346886873412,False,False
2024-08-27,-2.3459015604999887,-2.9097270040537495,-1.9440717116540496,False,True
2024-08-28,0.1797848503989421,-3.1156460532605004,-4.75626941553592,False,False
2024-08-29,-0.10304097475673393,-3.2225668187728576,-2.173950258394833,False,False
2024-08-30,-0.07270117749457786,-3.036704679435875,-2.0532539975074595,False,False
2024-08-31,-0.20554436383081837,-2.864777234242318,-1.9095332724437657,False,False
2024-09-01,-1.3847377352992032,-2.751448357720446,-1.869462253781405,False,False
2024-09-02,1.4302743977643706,-2.7497583780102315,-1.72465788621487,False,False
2024-09-03,-1.3022901732341152,-3.1146979346663817,-2.030811745103119,False,False
2024-09-04,0.15015264343158377,-2.881859321646514,-1.9146912289531448,False,False
2024-09-05,-1.4008764292036182,-2.8657256137914544,-2.6978061317127056,False,False
2024-09-06,-2.1052823830515552,-2.8348164973625978,-1.8176031401070953,False,True
2024-09-07,0.39693890995453956,-3.014844435888094,-2.019651701736435,False,False
2024-09-08,0.4733738290217152,-3.1618350813267995,-2.1191478435664814,False,False
2024-09-09,1.261484378240835,-3.0871544892974434,-2.0959030435674117,False,False
2024-09-10,0.22787194950182027,-3.1961880301003363,-2.1177073410655973,False,False
2024-09-11,-0.2112233260890629,-2.9859848385773855,-2.023953058513293,False,False
2024-09-12,0.8481675654836607,-2.8359123331749982,-1.8920510437275082,False,False
2024-09-13,1.2878310031405795,-2.947227524309367,-1.9818473769950187,False,False
2024-09-14,-0.0685020229311456,-3.0698430325135004,-2.092765494937017,False,False
2024-09-15,-1.0364772503552397,-2.7800232551952475,-1.875005721398205,False,False
2024-09-16,-0.599326129653962,-2.7404971019294884,-2.048200146247637,False,False
2024-09-17,0.8540583667421033,-2.792017589362964,-1.8566170896188912,False,False
2024-09-18,0.514691886610221,-2.931114745468634,-1.9698729095050707,False,False
2024-09-19,0.9445763525975353,-2.8379962770256735,-1.8978778574952704,False,False
2024-09-20,0.3704459391894865,-2.887930840796257,-2.012248271069875,False,False
2024-09-21,0.7917664015248158,-2.764597919413114,-1.8401033648778642,False,False
2024-09-22,-0.3184296952106715,-2.800486450222109,-1.900365957794332,False,False
2024-09-23,0.3916957165386332,-2.6113955665576896,-1.7148813364532793,False,False
2024-09-24,0.3057212610133668,-2.610970770787097,-1.7646193929737095,False,False
2024-09-25,-1.0726592142201352,-2.5358014720256494,-1.6447620562999283,False,False
2024-09-26,0.8374515821246296,-2.458450279618814,-1.567927323804898,False,False
2024-09-27,0.5260684878770945,-2.649776588579506,-2.7620565369839705,False,False
2024-09-28,0.11531702219878348,-2.5912643599262353,-2.8352532567538784,False,False
2024-09-29,0.062362587862212,-2.4325427542628346,-1.5823731870562514,False,False
2024-09-30,-1.739740361504792,-2.3239111877738488,-1.5578691032281182,False,True
2024-10-01,-1.787345167808358,-2.3663422545542696,-1.519627182393368,False,True
2024-10-02,-1.4221356798376905,-2.6098019625064066,-1.8178201618083296,False,False
2024-10-03,-0.3562194954456821,-2.8082098395814383,-2.342493451592062,False,False
2024-10-04,0.9123882913057113,-2.8381766844887286,-1.884689643853746,False,False
2024-10-05,-0.01703094377544081,-2.9457103761695023,-2.0429070097296496,False,False
2024-10-06,0.4099212605584544,-2.705336568197073,-1.750089062881717,False,False
2024-10-07,-0.4086352786046744,-2.67148095267778,-1.9972462253456673,False,False
2024-10-08,0.29444746464231003,-2.5411444797731435,-1.649757862900841,False,False
2024-10-09,-1.0506280993388928,-2.5260677026495366,-1.7429375192448668,False,False
2024-10-10,-0.15866341806792914,-2.4579760925105814,-1.6100295717802262,False,False
2024-10-11,0.9840909772375261,-2.4729185886784553,-1.6062421251305437,False,False
2024-10-12,0.39794240973383055,-2.6245941092721914,-1.7289422887957258,False,False
2024-10-13,-0.4061441829990483,-2.5055749395352,-1.6393222505378109,False,False
2024-10-14,1.909613838245229,-2.3752032371396146,-1.618157048304049,False,False
2024-10-15,0.003192297736069611,-2.8096534809070572,-1.9294352199113576,False,False
2024-10-16,0.30724810304414046,-2.5170819809354716,-1.6715757174282124,False,False
2024-10-17,-0.36993382577775,-2.463614410956493,-1.625555753554702,False,False
2024-10-18,0.483405877366151,-2.3670575582440483,-1.5984802101218663,False,False
2024-10-19,-0.11224444740408672,-2.406444373543485,-1.596818896988308,False,False
2024-10-20,0.6195976174649408,-2.2529500382430894,-1.5111696458567394,False,False
2024-10-21,-0.8248751495543143,-2.3086138620116037,-1.6250248535647347,False,False
2024-10-22,-0.5424370724139534,-2.2003223867991557,-1.4250107342647975,False,False
2024-10-23,-0.8777822590163322,-2.2373744148139108,-1.5323680545670695,False,False
2024-10-24,0.5366687187949875,-2.268088321093026,-1.601197714134912,False,False
2024-10-25,-1.7321639169429988,-2.3635726774416925,-1.6945770075357278,False,True
2024-10-26,0.6683161098522641,-2.325676541698117,-1.4960318801695704,False,False
2024-10-27,0.4056687229724737,-2.526012012147509,-1.937360200965102,False,False
2024-10-28,0.779422335056899,-2.4528576655084966,-1.6321473896118026,False,False
2024-10-29,1.0358967912822996,-2.484930674944524,-1.6266441680586896,False,False
2024-10-30,-0.2750206856009184,-2.5677227839352827,-1.7308817023829433,False,False
2024-10-31,-1.6242061664810585,-2.3583617294837493,-1.4971545010002951,False,True
2024-11-01,-0.26046694956480837,-2.426418574261692,-1.525577649921039,False,False
2024-11-02,-0.33499799974882005,-2.526183922011511,-1.8286408717147187,False,False
2024-11-03,-0.5969366524324601,-2.4513798439930183,-1.6334954251703098,False,False
2024-11-04,-0.6858078628144648,-2.4051860052910112,-1.6468133139469254,False,False
2024-11-05,0.7377845720200934,-2.408145799259309,-1.5439470029663886,False,False
2024-11-06,3.357423610639417,-2.533400425336142,-1.7841229678499562,False,False
2024-11-07,0.9917635373500416,-3.2763217831780866,-2.3015131832750733,False,False
2024-11-08,0.28748526365372246,-3.0784015271923724,-2.0405903892099855,False,False
2024-11-09,1.0520843058853377,-2.916384877870135,-1.9584266470353586,False,False
2024-11-10,1.3409173336140943,-3.0315938838496477,-2.110615510411704,False,False
2024-11-11,2.9071021533422003,-3.1401197423656164,-2.1941920097937495,False,False
2024-11-12,-0.019481372388028377,-3.6625169377463456,-2.519786302757209,False,False
2024-11-13,-0.31004829516235705,-3.2177292545060032,-2.075701165214323,False,False
2024-11-14,-0.1016120560705186,-3.1138577981044944,-2.103987405626036,False,False
2024-11-15,1.695937709543693,-3.034437703631206,-2.04614573343944,False,False
2024-11-16,1.835569111563191,-3.3209829288975032,-2.3070003980941336,False,False
2024-11-17,-0.8956060426457296,-3.481543593832432,-2.3273418025523847,False,False
2024-11-18,0.9989903651147831,-3.1835449480809177,-2.1276445459897055,False,False
2024-11-19,-0.3591094256222428,-3.350168496395363,-2.233620030316996,False,False
2024-11-20,-0.04730690340341381,-3.1144435870909275,-2.125790630822519,False,False
2024-11-21,2.7806950423713857,-2.9989839129272826,-2.0391375653146344,False,False
2024-11-22,1.2450682258704107,-3.5944252301097235,-2.5359811809007917,False,False
2024-11-23,0.30270082285505717,-3.4850308006683175,-2.315115593946039,False,False
2024-11-24,-0.1864178459633069,-3.268674284216747,-2.215593188131986,False,False
2024-11-25,-1.0062510051674822,-3.1282396577322844,-2.128793501073029,False,False
2024-11-26,-0.9726605561780994,-3.091064063431797,-1.9735882211842202,False,False
2024-11-27,2.482362431946523,-3.127837739614472,-2.0677162197040246,False,False
2024-11-28,0.09266226773018602,-3.6832071741930688,-2.5683138183698473,False,False
2024-11-29,1.468996565253125,-3.297577595406694,-2.246490432056528,False,False
2024-11-30,0.7393211623070692,-3.477737481597043,-2.6354191156648956,False,False
2024-12-01,1.379136339019133,-3.3733544033445892,-2.58600549914911,False,False
2024-12-02,0.6933728601573759,-3.478101339804869,-2.438266699217306,False,False
2024-12-03,0.6746035002309234,-3.361551351165615,-2.218203287292831,False,False
2024-12-04,0.44692918429173656,-3.2970947521956124,-2.231007155190226,False,False
2024-12-05,-1.0857350527329799,-3.1902071336564433,-2.1630528601497816,False,False
2024-12-06,1.684865717450018,-3.086948434383022,-2.1495077086644914,False,False
2024-12-07,0.7383413057572157,-3.4398146719477447,-2.368282002045584,False,False
2024-12-08,0.1293639814325403,-3.301357247534332,-2.301876393278655,False,False
2024-12-09,-3.5226552350924614,-3.089436335567144,-2.101117729113255,True,True
2024-12-10,-0.17789440981656257,-3.304987753374271,-2.0879142053366,False,False
2024-12-11,1.819320196938407,-3.5384644958114535,-2.3732241804241623,False,False
2024-12-12,-0.30012332130892494,-3.8128868763289003,-2.8835096216091514,False,False
2024-12-13,0.7300091176934744,-3.4028876635173346,-2.417156702586234,False,False
2024-12-14,-0.39129061262101006,-3.4214287761205333,-3.8839633892985557,False,False
2024-12-15,0.9275980606966139,-3.225331673800204,-2.2436364816732612,False,False
2024-12-16,0.2717957226394934,-3.311181924465839,-2.244616579687511,False,False
2024-12-17,-0.18870381517573653,-3.136025105984424,-2.438723707734419,False,False
2024-12-18,-2.8394752535372114,-2.9703953451798704,-1.990911664373324,False,True
2024-12-19,-1.4839866179336596,-3.128912161782026,-2.0280979858542265,False,False
2024-12-20,0.22018151541175107,-3.4037866816753626,-2.2856530454712325,False,False
2024-12-21,-0.9033976104939154,-3.3878708271724465,-2.2239562526383816,False,False
2024-12-22,-0.9636589923208128,-3.228251369155025,-2.219471091930406,False,False
2024-12-23,1.188596347033734,-3.2243223348500827,-2.1565937152507253,False,False
2024-12-24,1.10708370329139,-3.421715432651429,-2.2754637773816486,False,False
2024-12-25,-0.014693317604167729,-3.4067172581281078,-2.445297394679021,False,False
2024-12-26,-1.8254072304192037,-3.130958068127881,-2.2730716845248042,False,False
2024-12-27,-0.2684514337819654,-3.158318667395311,-2.2123427903974355,False,False
2024-12-28,0.8323083930538362,-3.225999986720551,-2.27231812313862,False,False
2024-12-29,-1.12304424094777,-3.2769067580106785,-2.2673296166054535,False,False
2024-12-30,-0.22032966170752,-3.099420801171993,-2.0788851700314788,False,False
2024-12-31,0.03806616610867404,-3.081286976827016,-2.121095295611359,False,False
2025-01-01,1.244599045774169,-2.9587718810409926,-2.0681437609807802,False,False
