Source,Target,Optimal_Lag,F_Statistic,p_value,Significant
Crypto_Volume,Stable_Volume,1,10.941742317665586,0.0009631685976382742,YES
Crypto_Volume,Stable_Volatility,1,4.26247533039388,0.03914344465317217,YES
Crypto_Volume,Stable_Returns,1,0.002916066169678137,0.9569420792009612,No
Crypto_Volatility,Stable_Volume,1,46.28102917938145,1.5036294133008765e-11,YES
Crypto_Volatility,Stable_Volatility,1,31.684836780133423,2.179995936458852e-08,YES
Crypto_Volatility,Stable_Returns,1,3.5541565684684473,0.05959950149463834,No
Crypto_Returns,Stable_Volume,1,13.03444605355943,0.0003161919421470527,YES
Crypto_Returns,Stable_Volatility,1,3.3894292462031905,0.06582313558472973,No
Crypto_Returns,Stable_Returns,1,16.743635607142714,4.512953730867566e-05,YES
