Date,Actual_Raw,Pred_Raw_Bench,Pred_Raw_Chall,Actual_Return,Position_Bench_R,Position_Chall_R,Return_Bench_R,Return_Chall_R
2024-01-02,0.05964364545487786,-0.038418427,-0.09006406,0.05964364545487786,-1,-1,-0.05964364545487786,-0.05964364545487786
2024-01-03,-1.9393303665201156,-0.012282802,0.0110391285,-1.9393303665201156,-1,1,1.9393303665201156,-1.9393303665201156
2024-01-04,0.9865968435894604,0.019420106,-0.021883724,0.9865968435894604,1,-1,0.9865968435894604,-0.9865968435894604
2024-01-05,-0.5026637392852693,0.0040615667,-0.05249653,-0.5026637392852693,1,-1,-0.5026637392852693,0.5026637392852693
2024-01-06,-0.6408817430392396,-0.0037348997,-0.0008078821,-0.6408817430392396,-1,-1,0.6408817430392396,0.6408817430392396
2024-01-07,-0.5769756324468345,0.014767138,-0.19515397,-0.5769756324468345,1,-1,-0.5769756324468345,0.5769756324468345
2024-01-08,1.8387531010512155,-0.05746486,-0.08813845,1.8387531010512155,-1,-1,-1.8387531010512155,-1.8387531010512155
2024-01-09,-0.49443527499847917,-0.070110805,0.0057422915,-0.49443527499847917,-1,1,0.49443527499847917,-0.49443527499847917
2024-01-10,1.766429034555159,-0.027504442,-0.17335372,1.766429034555159,-1,-1,-1.766429034555159,-1.766429034555159
2024-01-11,0.17357772989211875,-0.011484418,0.013584864,0.17357772989211875,-1,1,-0.17357772989211875,0.17357772989211875
2024-01-12,-2.420687125055202,0.025679061,-0.046201825,-2.420687125055202,1,-1,-2.420687125055202,2.420687125055202
2024-01-13,0.4129904189764999,-0.3928799,-0.2431143,0.4129904189764999,-1,-1,-0.4129904189764999,-0.4129904189764999
2024-01-14,-1.0090927113456059,-0.0063074143,-0.026067443,-1.0090927113456059,-1,-1,1.0090927113456059,1.0090927113456059
2024-01-15,1.0376618494532186,-0.0062379325,-0.010802212,1.0376618494532186,-1,-1,-1.0376618494532186,-1.0376618494532186
2024-01-16,0.3441614816922358,-0.037562273,-0.097158335,0.3441614816922358,-1,-1,-0.3441614816922358,-0.3441614816922358
2024-01-17,-0.7584826624667986,-0.014419456,-0.007160294,-0.7584826624667986,-1,-1,0.7584826624667986,0.7584826624667986
2024-01-18,-0.9008750743452414,-0.052854747,-0.038037714,-0.9008750743452414,-1,-1,0.9008750743452414,0.9008750743452414
2024-01-19,0.037279176512760366,0.033325456,-0.051607504,0.037279176512760366,1,-1,0.037279176512760366,-0.037279176512760366
2024-01-20,0.07341571995712703,-0.013384151,-0.019287746,0.07341571995712703,-1,-1,-0.07341571995712703,-0.07341571995712703
2024-01-21,-0.19724793785378783,0.009236614,-0.059945323,-0.19724793785378783,1,-1,-0.19724793785378783,0.19724793785378783
2024-01-22,-2.2209595242999773,-0.04227524,-0.012060694,-2.2209595242999773,-1,-1,2.2209595242999773,2.2209595242999773
2024-01-23,-0.6323879067445911,-0.13705643,-0.05511762,-0.6323879067445911,-1,-1,0.6323879067445911,0.6323879067445911
2024-01-24,-0.13838156117660105,-0.1513526,-0.1610752,-0.13838156117660105,-1,-1,0.13838156117660105,0.13838156117660105
2024-01-25,-0.35999364453139737,-0.047610845,-0.04763969,-0.35999364453139737,-1,-1,0.35999364453139737,0.35999364453139737
2024-01-26,1.4519919449290595,-0.016057368,0.17286503,1.4519919449290595,-1,1,-1.4519919449290595,1.4519919449290595
2024-01-27,0.15394275694608997,-0.19950561,-0.10151463,0.15394275694608997,-1,-1,-0.15394275694608997,-0.15394275694608997
2024-01-28,-0.28858290027506883,-0.13815904,-0.0622081,-0.28858290027506883,-1,-1,0.28858290027506883,0.28858290027506883
2024-01-29,0.974173127960299,-0.16017656,-0.017966239,0.974173127960299,-1,-1,-0.974173127960299,-0.974173127960299
2024-01-30,-0.4977974575306704,-0.06287998,-0.08344453,-0.4977974575306704,-1,-1,0.4977974575306704,0.4977974575306704
2024-01-31,-0.8232209492855206,-0.09341986,-0.053318046,-0.8232209492855206,-1,-1,0.8232209492855206,0.8232209492855206
2024-02-01,0.2079216920421509,-0.123592936,-0.05142109,0.2079216920421509,-1,-1,-0.2079216920421509,-0.2079216920421509
2024-02-02,0.10216949926083023,-0.17360176,-0.06918232,0.10216949926083023,-1,-1,-0.10216949926083023,-0.10216949926083023
2024-02-03,-0.08359868555182098,-0.064761326,-0.12338975,-0.08359868555182098,-1,-1,0.08359868555182098,0.08359868555182098
2024-02-04,-0.2958955470780628,-0.10879041,-0.07174338,-0.2958955470780628,-1,-1,0.2958955470780628,0.2958955470780628
2024-02-05,-0.08186640713557058,-0.07786053,-0.048351225,-0.08186640713557058,-1,-1,0.08186640713557058,0.08186640713557058
2024-02-06,0.4580635867307678,-0.07730152,-0.06596639,0.4580635867307678,-1,-1,-0.4580635867307678,-0.4580635867307678
2024-02-07,0.8784342073314038,0.06427022,-0.014680284,0.8784342073314038,1,-1,0.8784342073314038,-0.8784342073314038
2024-02-08,0.6017798692623618,-0.07574366,-0.08084039,0.6017798692623618,-1,-1,-0.6017798692623618,-0.6017798692623618
2024-02-09,1.0933260885088365,0.012544645,-0.047852155,1.0933260885088365,1,-1,1.0933260885088365,-1.0933260885088365
2024-02-10,0.16989028651845342,-0.0501239,-0.030663887,0.16989028651845342,-1,-1,-0.16989028651845342,-0.16989028651845342
2024-02-11,0.05879327339940207,-0.04719684,-0.06929637,0.05879327339940207,-1,-1,-0.05879327339940207,-0.05879327339940207
2024-02-12,1.3960782112294488,-0.01410369,0.002941973,1.3960782112294488,-1,1,-1.3960782112294488,1.3960782112294488
2024-02-13,-0.3953541716558293,-0.038205322,-0.01594825,-0.3953541716558293,-1,-1,0.3953541716558293,0.3953541716558293
2024-02-14,1.546334149274455,-0.014984877,-0.011870347,1.546334149274455,-1,-1,-1.546334149274455,-1.546334149274455
2024-02-15,1.0636841036900042,-0.0146315005,-0.08802656,1.0636841036900042,-1,-1,-1.0636841036900042,-1.0636841036900042
2024-02-16,0.1490423810369193,-0.011433287,-0.04811661,0.1490423810369193,-1,-1,-0.1490423810369193,-0.1490423810369193
2024-02-17,-0.6575749274949223,0.00819351,0.0071030846,-0.6575749274949223,1,1,-0.6575749274949223,-0.6575749274949223
2024-02-18,0.39474391036629786,0.01083256,-0.007963837,0.39474391036629786,1,-1,0.39474391036629786,-0.39474391036629786
2024-02-19,0.18998130156916243,-0.032604873,-0.0059739444,0.18998130156916243,-1,-1,-0.18998130156916243,-0.18998130156916243
2024-02-20,0.4474682403484799,0.020216694,-0.045833435,0.4474682403484799,1,-1,0.4474682403484799,-0.4474682403484799
2024-02-21,0.08080341784982292,-0.014876712,-0.10811206,0.08080341784982292,-1,-1,-0.08080341784982292,-0.08080341784982292
2024-02-22,-0.19116318647843566,0.024286093,-0.036001973,-0.19116318647843566,1,-1,-0.19116318647843566,0.19116318647843566
2024-02-23,-0.6452334641997108,0.019776648,-0.046759695,-0.6452334641997108,1,-1,-0.6452334641997108,0.6452334641997108
2024-02-24,0.715719526776621,0.058513246,0.016875785,0.715719526776621,1,1,0.715719526776621,0.715719526776621
2024-02-25,0.5670243492524113,-0.09670447,0.14140314,0.5670243492524113,-1,1,-0.5670243492524113,0.5670243492524113
2024-02-26,1.302039401965404,0.03009647,0.032146346,1.302039401965404,1,1,1.302039401965404,1.302039401965404
2024-02-27,1.1546202063622206,0.061863177,0.081402935,1.1546202063622206,1,1,1.1546202063622206,1.1546202063622206
2024-02-28,2.0669066438556243,0.11898478,0.0530302,2.0669066438556243,1,1,2.0669066438556243,2.0669066438556243
2024-02-29,-0.7087817174175819,0.17395586,0.14135027,-0.7087817174175819,1,1,-0.7087817174175819,-0.7087817174175819
2024-03-01,0.919728608782484,0.117390245,0.12555611,0.919728608782484,1,1,0.919728608782484,0.919728608782484
2024-03-02,0.38617114069771186,0.22552113,0.13331655,0.38617114069771186,1,1,0.38617114069771186,0.38617114069771186
2024-03-03,0.2865766772094671,0.17053476,0.1055836,0.2865766772094671,1,1,0.2865766772094671,0.2865766772094671
2024-03-04,1.8561452229297726,0.09399868,0.049266394,1.8561452229297726,1,1,1.8561452229297726,1.8561452229297726
2024-03-05,-2.459792736099671,0.13864493,-0.03018702,-2.459792736099671,1,-1,-2.459792736099671,2.459792736099671
2024-03-06,2.242192746524129,-0.12994893,-0.18961586,2.242192746524129,-1,-1,-2.242192746524129,-2.242192746524129
2024-03-07,1.4172875286245339,-0.06596543,0.045663834,1.4172875286245339,-1,1,-1.4172875286245339,1.4172875286245339
2024-03-08,0.42314433074036717,-0.001959602,0.08754227,0.42314433074036717,-1,1,-0.42314433074036717,0.42314433074036717
2024-03-09,0.16229284683516257,0.014355252,0.11117091,0.16229284683516257,1,1,0.16229284683516257,0.16229284683516257
2024-03-10,0.5435591818911267,0.057439208,0.05253985,0.5435591818911267,1,1,0.5435591818911267,0.5435591818911267
2024-03-11,2.2432638951561517,0.18869577,0.042082243,2.2432638951561517,1,1,2.2432638951561517,2.2432638951561517
2024-03-12,-0.4850543347104234,-0.24127282,-0.25065455,-0.4850543347104234,-1,-1,0.4850543347104234,0.4850543347104234
2024-03-13,1.9229195127442527,0.29888493,0.070948966,1.9229195127442527,1,1,1.9229195127442527,1.9229195127442527
2024-03-14,-1.409947589457281,-0.20333256,-0.10694756,-1.409947589457281,-1,-1,1.409947589457281,1.409947589457281
2024-03-15,-0.8939726442109316,0.31962338,0.24750206,-0.8939726442109316,1,1,-0.8939726442109316,-0.8939726442109316
2024-03-16,-2.861208275522925,0.20246853,0.18568523,-2.861208275522925,1,1,-2.861208275522925,-2.861208275522925
2024-03-17,1.2078731608973676,0.43860787,-0.041498758,1.2078731608973676,1,-1,1.2078731608973676,-1.2078731608973676
2024-03-18,-0.7000695868498253,0.12700273,0.09279545,-0.7000695868498253,1,1,-0.7000695868498253,-0.7000695868498253
2024-03-19,-4.160464078037441,0.05444397,-0.031665374,-4.160464078037441,1,-1,-4.160464078037441,4.160464078037441
2024-03-20,3.6259615106351983,-0.3590786,-0.413909,3.6259615106351983,-1,-1,-3.6259615106351983,-3.6259615106351983
2024-03-21,-0.31506137368627896,0.0788274,0.025493035,-0.31506137368627896,1,1,-0.31506137368627896,-0.31506137368627896
2024-03-22,-1.5259039258342078,0.1901788,0.21032494,-1.5259039258342078,1,1,-1.5259039258342078,-1.5259039258342078
2024-03-23,0.3548327896021666,0.109340504,0.033948787,0.3548327896021666,1,1,0.3548327896021666,0.3548327896021666
2024-03-24,1.3832126071311626,-0.035150405,0.08237371,1.3832126071311626,-1,1,-1.3832126071311626,1.3832126071311626
2024-03-25,1.3113212082194776,0.06872951,-0.0030498118,1.3113212082194776,1,-1,1.3113212082194776,-1.3113212082194776
2024-03-26,-0.23255673706744073,-0.010453184,0.05409841,-0.23255673706744073,-1,1,0.23255673706744073,-0.23255673706744073
2024-03-27,-0.8059417439939446,0.17647813,0.20274174,-0.8059417439939446,1,1,-0.8059417439939446,-0.8059417439939446
2024-03-28,0.6639310684364903,0.054485455,0.03060504,0.6639310684364903,1,1,0.6639310684364903,0.6639310684364903
2024-03-29,0.19962970518983408,0.21935172,0.12899783,0.19962970518983408,1,1,0.19962970518983408,0.19962970518983408
2024-03-30,-0.4186123154970396,0.04689519,0.022991398,-0.4186123154970396,1,1,-0.4186123154970396,-0.4186123154970396
2024-03-31,0.8453175925552899,0.04891566,0.021750106,0.8453175925552899,1,1,0.8453175925552899,0.8453175925552899
2024-04-01,-1.5466522241409772,0.007630046,-0.0014116201,-1.5466522241409772,1,-1,-1.5466522241409772,1.5466522241409772
2024-04-02,-2.5367527021941636,0.1321915,0.040607877,-2.5367527021941636,1,1,-2.5367527021941636,-2.5367527021941636
2024-04-03,0.2725408519563414,0.39054516,0.47326732,0.2725408519563414,1,1,0.2725408519563414,0.2725408519563414
2024-04-04,1.0866927457313513,-0.08728846,-0.047651123,1.0866927457313513,-1,-1,-1.0866927457313513,-1.0866927457313513
2024-04-05,-0.3410911084835934,0.09269778,0.0862547,-0.3410911084835934,1,1,-0.3410911084835934,-0.3410911084835934
2024-04-06,0.44531252293207596,-0.054061018,-0.039715555,0.44531252293207596,-1,-1,-0.44531252293207596,-0.44531252293207596
2024-04-07,0.3399636545099593,-0.056372054,-0.025584342,0.3399636545099593,-1,-1,-0.3399636545099593,-0.3399636545099593
2024-04-08,1.469134026461381,-0.082086004,-0.042988896,1.469134026461381,-1,-1,-1.469134026461381,-1.469134026461381
2024-04-09,-1.2918050271238943,0.008128369,-0.008500101,-1.2918050271238943,1,-1,-1.2918050271238943,1.2918050271238943
2024-04-10,0.8315689141506204,0.27767146,0.19941689,0.8315689141506204,1,1,0.8315689141506204,0.8315689141506204
2024-04-11,-0.4189830364514907,-0.11839213,0.019458912,-0.4189830364514907,-1,1,0.4189830364514907,-0.4189830364514907
2024-04-12,-2.5468323313784467,0.12139452,0.02190997,-2.5468323313784467,1,1,-2.5468323313784467,-2.5468323313784467
2024-04-13,-3.247926411785534,-0.29308695,0.16753927,-3.247926411785534,-1,1,3.247926411785534,-3.247926411785534
2024-04-14,1.2654473654078244,-0.17357579,0.015462875,1.2654473654078244,-1,1,-1.2654473654078244,1.2654473654078244
2024-04-15,-1.0496718643936498,-0.25774476,-0.17881909,-1.0496718643936498,-1,-1,1.0496718643936498,1.0496718643936498
2024-04-16,-0.3998096921953358,-0.6485382,-0.114004984,-0.3998096921953358,-1,-1,0.3998096921953358,0.3998096921953358
2024-04-17,-1.0455146557427222,-0.14569972,-0.054183114,-1.0455146557427222,-1,-1,1.0455146557427222,1.0455146557427222
2024-04-18,1.1299356038344857,0.010905036,-0.21339466,1.1299356038344857,1,-1,1.1299356038344857,-1.1299356038344857
2024-04-19,0.15930480815471315,0.16413543,0.24185318,0.15930480815471315,1,1,0.15930480815471315,0.15930480815471315
2024-04-20,1.085988112606735,-0.09583549,-0.14498699,1.085988112606735,-1,-1,-1.085988112606735,-1.085988112606735
2024-04-21,0.011933538196143172,-0.17508708,-0.13530555,0.011933538196143172,-1,-1,-0.011933538196143172,-0.011933538196143172
2024-04-22,1.4335118383841399,-0.06268672,-0.014858601,1.4335118383841399,-1,-1,-1.4335118383841399,-1.4335118383841399
2024-04-23,-0.22331156875668554,0.018842865,-0.018053312,-0.22331156875668554,1,-1,-0.22331156875668554,0.22331156875668554
2024-04-24,-1.0553506555977066,-0.055836443,-0.06955339,-1.0553506555977066,-1,-1,1.0553506555977066,1.0553506555977066
2024-04-25,0.11253322859692208,-0.099500515,-0.08562375,0.11253322859692208,-1,-1,-0.11253322859692208,-0.11253322859692208
2024-04-26,-0.5625771648325284,-0.13798724,-0.106997535,-0.5625771648325284,-1,-1,0.5625771648325284,0.5625771648325284
2024-04-27,0.19237746020089708,-0.1257126,-0.09801412,0.19237746020089708,-1,-1,-0.19237746020089708,-0.19237746020089708
2024-04-28,-0.24161563480936893,-0.10137609,-0.069283985,-0.24161563480936893,-1,-1,0.24161563480936893,0.24161563480936893
2024-04-29,-0.09672690794173416,-0.14409524,-0.05645527,-0.09672690794173416,-1,-1,0.09672690794173416,0.09672690794173416
2024-04-30,-1.9579978160892562,-0.11851168,-0.06417865,-1.9579978160892562,-1,-1,1.9579978160892562,1.9579978160892562
2024-05-01,-0.8846699221796799,-0.076279074,-0.030929256,-0.8846699221796799,-1,-1,0.8846699221796799,0.8846699221796799
2024-05-02,0.23438311286290503,-0.20270145,-0.12185749,0.23438311286290503,-1,-1,-0.23438311286290503,-0.23438311286290503
2024-05-03,1.8557336926132033,-0.14115931,-0.20720658,1.8557336926132033,-1,-1,-1.8557336926132033,-1.8557336926132033
2024-05-04,0.2040074176849706,-0.14708586,-0.19330844,0.2040074176849706,-1,-1,-0.2040074176849706,-0.2040074176849706
2024-05-05,0.14767634886807496,-0.10507183,-0.0889107,0.14767634886807496,-1,-1,-0.14767634886807496,-0.14767634886807496
2024-05-06,-0.4443532131911894,-0.08786643,-0.06257498,-0.4443532131911894,-1,-1,0.4443532131911894,0.4443532131911894
2024-05-07,-0.8554115112408749,-0.075890616,-0.12211262,-0.8554115112408749,-1,-1,0.8554115112408749,0.8554115112408749
2024-05-08,-0.41704139765600196,-0.10317991,-0.08517561,-0.41704139765600196,-1,-1,0.41704139765600196,0.41704139765600196
2024-05-09,0.7759829189946286,-0.1233158,-0.09902665,0.7759829189946286,-1,-1,-0.7759829189946286,-0.7759829189946286
2024-05-10,-1.5207185147188844,-0.18534245,-0.10738053,-1.5207185147188844,-1,-1,1.5207185147188844,1.5207185147188844
2024-05-11,0.08677851266285755,-0.087090924,-0.08338024,0.08677851266285755,-1,-1,-0.08677851266285755,-0.08677851266285755
2024-05-12,0.15952552587190208,-0.21106756,-0.10840964,0.15952552587190208,-1,-1,-0.15952552587190208,-0.15952552587190208
2024-05-13,0.30009363869174127,-0.18440852,-0.08759482,0.30009363869174127,-1,-1,-0.30009363869174127,-0.30009363869174127
2024-05-14,-1.1189644398569716,-0.05225519,-0.0017792743,-1.1189644398569716,-1,-1,1.1189644398569716,1.1189644398569716
2024-05-15,2.1238536657579195,-0.12627308,-0.0901141,2.1238536657579195,-1,-1,-2.1238536657579195,-2.1238536657579195
2024-05-16,-0.9102305482342343,-0.059615925,-0.039729506,-0.9102305482342343,-1,-1,0.9102305482342343,0.9102305482342343
2024-05-17,1.1935581674863387,0.038031776,0.0011918896,1.1935581674863387,1,1,1.1935581674863387,1.1935581674863387
2024-05-18,-0.027351852730218583,-0.0009324112,-0.038263507,-0.027351852730218583,-1,-1,0.027351852730218583,0.027351852730218583
2024-05-19,-0.6215257957510347,0.03759792,-0.038742434,-0.6215257957510347,1,-1,-0.6215257957510347,0.6215257957510347
2024-05-20,3.736107610387152,-0.039382257,0.06612809,3.736107610387152,-1,1,-3.736107610387152,3.736107610387152
2024-05-21,0.35712451566149905,0.04465899,0.057250373,0.35712451566149905,1,1,0.35712451566149905,0.35712451566149905
2024-05-22,-0.5772327038017521,0.11940218,-0.08898825,-0.5772327038017521,1,-1,-0.5772327038017521,0.5772327038017521
2024-05-23,-0.5118164177217637,0.054179236,0.07126098,-0.5118164177217637,1,1,-0.5118164177217637,-0.5118164177217637
2024-05-24,0.09612765136507526,0.019131625,0.14680271,0.09612765136507526,1,1,0.09612765136507526,0.09612765136507526
2024-05-25,0.2509578022500317,0.021280795,0.010422607,0.2509578022500317,1,1,0.2509578022500317,0.2509578022500317
2024-05-26,-0.27053271901253956,0.030688526,0.010418019,-0.27053271901253956,1,1,-0.27053271901253956,-0.27053271901253956
2024-05-27,0.43285799656036617,-0.19635954,-0.08916168,0.43285799656036617,-1,-1,-0.43285799656036617,-0.43285799656036617
2024-05-28,-0.5200190527417717,-0.019075846,0.0017618253,-0.5200190527417717,-1,1,0.5200190527417717,-0.5200190527417717
2024-05-29,-0.5828585960368942,-0.01673856,-0.005976023,-0.5828585960368942,-1,-1,0.5828585960368942,0.5828585960368942
2024-05-30,-0.0311611566740679,0.024282496,0.022164611,-0.0311611566740679,1,1,-0.0311611566740679,-0.0311611566740679
2024-05-31,-0.24185163997533785,-0.004956878,-0.05794859,-0.24185163997533785,-1,-1,0.24185163997533785,0.24185163997533785
2024-06-01,0.18395405930902356,-0.01411575,-0.01310853,0.18395405930902356,-1,-1,-0.18395405930902356,-0.18395405930902356
2024-06-02,-0.15559385299729195,0.070177354,0.022200916,-0.15559385299729195,1,1,-0.15559385299729195,-0.15559385299729195
2024-06-03,0.5918524033290247,-0.018753724,-0.028403098,0.5918524033290247,-1,-1,-0.5918524033290247,-0.5918524033290247
2024-06-04,1.4069924650339225,0.0026711202,0.00898427,1.4069924650339225,1,1,1.4069924650339225,1.4069924650339225
2024-06-05,0.342895373616386,0.008699408,-0.06735955,0.342895373616386,1,-1,0.342895373616386,-0.342895373616386
2024-06-06,-0.17080856514203363,0.048608676,-0.0014994218,-0.17080856514203363,1,-1,-0.17080856514203363,0.17080856514203363
2024-06-07,-1.39181863759593,0.09443149,-0.03084391,-1.39181863759593,1,-1,-1.39181863759593,1.39181863759593
2024-06-08,-0.14220768911303655,0.020232331,0.07783224,-0.14220768911303655,1,1,-0.14220768911303655,-0.14220768911303655
2024-06-09,-0.0003436718573430692,-0.004828596,0.007916969,-0.0003436718573430692,-1,1,0.0003436718573430692,-0.0003436718573430692
2024-06-10,-0.973035898811278,0.009521305,0.01016605,-0.973035898811278,1,1,-0.973035898811278,-0.973035898811278
2024-06-11,-1.610540135576525,-0.028337134,-0.07735617,-1.610540135576525,-1,-1,1.610540135576525,1.610540135576525
2024-06-12,0.7325683612314049,0.08430427,0.14521162,0.7325683612314049,1,1,0.7325683612314049,0.7325683612314049
2024-06-13,-1.113625211691294,-0.06945554,-0.15608414,-1.113625211691294,-1,-1,1.113625211691294,1.113625211691294
2024-06-14,-0.31903231538929333,0.24061868,0.22567567,-0.31903231538929333,1,1,-0.31903231538929333,-0.31903231538929333
2024-06-15,0.5829720377979442,-0.022593949,-0.15145594,0.5829720377979442,-1,-1,-0.5829720377979442,-0.5829720377979442
2024-06-16,0.22083494443318444,-0.07876608,-0.08039152,0.22083494443318444,-1,-1,-0.22083494443318444,-0.22083494443318444
2024-06-17,-0.31615717987835856,-0.011872052,-0.025847098,-0.31615717987835856,-1,-1,0.31615717987835856,0.31615717987835856
2024-06-18,-0.9654478478265933,-0.04817951,0.035043355,-0.9654478478265933,-1,1,0.9654478478265933,-0.9654478478265933
2024-06-19,0.35160947341939425,0.14140548,0.10021351,0.35160947341939425,1,1,0.35160947341939425,0.35160947341939425
2024-06-20,-0.4621156129099813,-0.08103005,-0.078694865,-0.4621156129099813,-1,-1,0.4621156129099813,0.4621156129099813
2024-06-21,-0.2636708742783544,-0.11391082,-0.026743269,-0.2636708742783544,-1,-1,0.2636708742783544,0.2636708742783544
2024-06-22,-0.002531946578197433,-0.1194926,-0.013486342,-0.002531946578197433,-1,-1,0.002531946578197433,0.002531946578197433
2024-06-23,-0.8777497222606436,-0.08137589,-0.07243644,-0.8777497222606436,-1,-1,0.8777497222606436,0.8777497222606436
2024-06-24,-1.281235407688189,-0.102702826,-0.058277387,-1.281235407688189,-1,-1,1.281235407688189,1.281235407688189
2024-06-25,0.6239370411035925,-0.11209504,-0.04599128,0.6239370411035925,-1,-1,-0.6239370411035925,-0.6239370411035925
2024-06-26,-0.6003866013979438,-0.17331047,-0.07849655,-0.6003866013979438,-1,-1,0.6003866013979438,0.6003866013979438
2024-06-27,0.6318925056303801,-0.122307636,-0.08125043,0.6318925056303801,-1,-1,-0.6318925056303801,-0.6318925056303801
2024-06-28,-0.8785621587234838,-0.10273724,-0.14507957,-0.8785621587234838,-1,-1,0.8785621587234838,0.8785621587234838
2024-06-29,0.14544868055083351,-0.13887873,-0.013325862,0.14544868055083351,-1,-1,-0.14544868055083351,-0.14544868055083351
2024-06-30,0.8637782063302584,-0.12773556,-0.09680801,0.8637782063302584,-1,-1,-0.8637782063302584,-0.8637782063302584
2024-07-01,-0.15317761947806735,-0.09796485,-0.04978636,-0.15317761947806735,-1,-1,0.15317761947806735,0.15317761947806735
2024-07-02,-0.14643439843475592,-0.13732561,-0.09628137,-0.14643439843475592,-1,-1,0.14643439843475592,0.14643439843475592
2024-07-03,-1.6021116104521038,-0.08523097,-0.07814611,-1.6021116104521038,-1,-1,1.6021116104521038,1.6021116104521038
2024-07-04,-3.0069681758463105,-0.1482423,-0.0023337426,-3.0069681758463105,-1,-1,3.0069681758463105,3.0069681758463105
2024-07-05,-1.0323469279392672,-0.11128944,-0.049858715,-1.0323469279392672,-1,-1,1.0323469279392672,1.0323469279392672
2024-07-06,1.6579630424580039,-0.939882,-0.5279459,1.6579630424580039,-1,-1,-1.6579630424580039,-1.6579630424580039
2024-07-07,-2.3877697940597287,-0.26756454,-0.24531917,-2.3877697940597287,-1,-1,2.3877697940597287,2.3877697940597287
2024-07-08,1.0532265290017904,0.13823088,-0.35621357,1.0532265290017904,1,-1,1.0532265290017904,-1.0532265290017904
2024-07-09,0.6596424672778648,-0.3368148,-0.43432197,0.6596424672778648,-1,-1,-0.6596424672778648,-0.6596424672778648
2024-07-10,0.17516981638480433,-0.23157617,-0.6031737,0.17516981638480433,-1,-1,-0.17516981638480433,-0.17516981638480433
2024-07-11,0.046749509593423604,-0.1283684,-0.035685405,0.046749509593423604,-1,-1,-0.046749509593423604,-0.046749509593423604
2024-07-12,0.776773229016741,-0.08661872,-0.002600628,0.776773229016741,-1,-1,-0.776773229016741,-0.776773229016741
2024-07-13,1.2078025723947132,-0.11473767,-0.08935742,1.2078025723947132,-1,-1,-1.2078025723947132,-1.2078025723947132
2024-07-14,0.8137777057559599,-0.17712322,-0.18740502,0.8137777057559599,-1,-1,-0.8137777057559599,-0.8137777057559599
2024-07-15,2.4666692918293998,-0.12689494,-0.1858668,2.4666692918293998,-1,-1,-2.4666692918293998,-2.4666692918293998
2024-07-16,0.3022035697686709,0.0025799926,-0.06862009,0.3022035697686709,1,-1,0.3022035697686709,-0.3022035697686709
2024-07-17,-0.0032081210486520845,0.0543207,-0.08685747,-0.0032081210486520845,1,-1,-0.0032081210486520845,0.0032081210486520845
2024-07-18,-0.6428054114274491,0.06265938,0.040427957,-0.6428054114274491,1,1,-0.6428054114274491,-0.6428054114274491
2024-07-19,1.146866348463433,0.0017812378,-0.079870805,1.146866348463433,1,-1,1.146866348463433,-1.146866348463433
2024-07-20,0.4105472673140958,-0.002921183,0.033377275,0.4105472673140958,-1,1,-0.4105472673140958,0.4105472673140958
2024-07-21,0.31213970710103606,0.01043983,0.17774823,0.31213970710103606,1,1,0.31213970710103606,0.31213970710103606
2024-07-22,-0.5437111929325729,0.09299814,0.12119257,-0.5437111929325729,1,1,-0.5437111929325729,-0.5437111929325729
2024-07-23,-0.49931242748343924,-0.019477438,-0.051650126,-0.49931242748343924,-1,-1,0.49931242748343924,0.49931242748343924
2024-07-24,-0.5592510136747201,-0.009832668,-0.014524999,-0.5592510136747201,-1,-1,0.5592510136747201,0.5592510136747201
2024-07-25,-0.8695944166387082,-0.0134161245,-0.079277515,-0.8695944166387082,-1,-1,0.8695944166387082,0.8695944166387082
2024-07-26,0.9837712227241031,-0.043119874,-0.092742965,0.9837712227241031,-1,-1,-0.9837712227241031,-0.9837712227241031
2024-07-27,-0.17256922630759783,-0.052304663,-0.040659502,-0.17256922630759783,-1,-1,0.17256922630759783,0.17256922630759783
2024-07-28,0.13466835032511149,-0.033403188,-0.061789542,0.13466835032511149,-1,-1,-0.13466835032511149,-0.13466835032511149
2024-07-29,-0.3871578702501621,-0.03249976,-0.046348043,-0.3871578702501621,-1,-1,0.3871578702501621,0.3871578702501621
2024-07-30,0.21425065827472703,-0.027313499,-0.11158325,0.21425065827472703,-1,-1,-0.21425065827472703,-0.21425065827472703
2024-07-31,-0.7841360186030626,-0.017832031,-0.07715275,-0.7841360186030626,-1,-1,0.7841360186030626,0.7841360186030626
2024-08-01,-0.45111987926069225,-0.022623584,-0.038652897,-0.45111987926069225,-1,-1,0.45111987926069225,0.45111987926069225
2024-08-02,-2.7970632349740594,-0.03085017,-0.072828785,-2.7970632349740594,-1,-1,2.7970632349740594,2.7970632349740594
2024-08-03,-0.8506928256718039,0.10535582,0.17964624,-0.8506928256718039,1,1,-0.8506928256718039,-0.8506928256718039
2024-08-04,-2.7000803581689965,-0.19783333,-0.066687904,-2.7000803581689965,-1,-1,2.7000803581689965,2.7000803581689965
2024-08-05,-3.4218371569456973,0.4127277,0.23498589,-3.4218371569456973,1,1,-3.4218371569456973,-3.4218371569456973
2024-08-06,1.2599215038474085,0.060459986,0.08799261,1.2599215038474085,1,1,1.2599215038474085,1.2599215038474085
2024-08-07,0.2744814247191223,-0.95969105,-0.2744037,0.2744814247191223,-1,-1,-0.2744814247191223,-0.2744814247191223
2024-08-08,4.222335487371214,0.0005976502,-0.36153013,4.222335487371214,1,-1,4.222335487371214,-4.222335487371214
2024-08-09,-1.3032476923353995,-0.05621461,-0.19089316,-1.3032476923353995,-1,-1,1.3032476923353995,1.3032476923353995
2024-08-10,0.31896414278708013,-0.06724043,-0.0045643263,0.31896414278708013,-1,-1,-0.31896414278708013,-0.31896414278708013
2024-08-11,-1.5732566544568058,-0.0064585395,0.042416256,-1.5732566544568058,-1,1,1.5732566544568058,-1.5732566544568058
2024-08-12,1.2476979386318887,-0.32554856,-0.013722041,1.2476979386318887,-1,-1,-1.2476979386318887,-1.2476979386318887
2024-08-13,0.3257997786731039,0.022194358,-0.023423344,0.3257997786731039,1,-1,0.3257997786731039,-0.3257997786731039
2024-08-14,-0.7762437885682266,0.12001112,0.13061647,-0.7762437885682266,1,1,-0.7762437885682266,-0.7762437885682266
2024-08-15,-0.9219982999688779,-0.09126252,-0.2428273,-0.9219982999688779,-1,-1,0.9219982999688779,0.9219982999688779
2024-08-16,0.39298183983848206,-0.09751825,-0.1492565,0.39298183983848206,-1,-1,-0.39298183983848206,-0.39298183983848206
2024-08-17,0.599861243599614,-0.12303315,-0.16201712,0.599861243599614,-1,-1,-0.599861243599614,-0.599861243599614
2024-08-18,-0.48101104821639784,-0.123657145,-0.07769839,-0.48101104821639784,-1,-1,0.48101104821639784,0.48101104821639784
2024-08-19,1.2372389123133165,-0.1136797,-0.13081829,1.2372389123133165,-1,-1,-1.2372389123133165,-1.2372389123133165
2024-08-20,-0.3387468690333678,-0.101012915,-0.079093955,-0.3387468690333678,-1,-1,0.3387468690333678,0.3387468690333678
2024-08-21,0.7020573849708599,-0.075908914,-0.07961433,0.7020573849708599,-1,-1,-0.7020573849708599,-0.7020573849708599
2024-08-22,-0.06710930298563952,-0.09918811,-0.09785115,-0.06710930298563952,-1,-1,0.06710930298563952,0.06710930298563952
2024-08-23,1.6384599753201026,-0.051421355,-0.06583378,1.6384599753201026,-1,-1,-1.6384599753201026,-1.6384599753201026
2024-08-24,-0.161161745924681,-0.0549743,-0.09076966,-0.161161745924681,-1,-1,0.161161745924681,0.161161745924681
2024-08-25,-0.39334133712113956,-0.020380503,-0.039190758,-0.39334133712113956,-1,-1,0.39334133712113956,0.39334133712113956
2024-08-26,-1.2589367921197043,-0.05453232,-0.07424395,-1.2589367921197043,-1,-1,1.2589367921197043,1.2589367921197043
2024-08-27,-2.3459015604999887,-0.03103754,-0.03914191,-2.3459015604999887,-1,-1,2.3459015604999887,2.3459015604999887
2024-08-28,0.1797848503989421,-0.15370618,0.058521047,0.1797848503989421,-1,1,-0.1797848503989421,0.1797848503989421
2024-08-29,-0.10304097475673393,-0.090276845,-0.20480451,-0.10304097475673393,-1,-1,0.10304097475673393,0.10304097475673393
2024-08-30,-0.07270117749457786,-0.19250779,-0.040370602,-0.07270117749457786,-1,-1,0.07270117749457786,0.07270117749457786
2024-08-31,-0.20554436383081837,-0.09737857,0.017630035,-0.20554436383081837,-1,1,0.20554436383081837,-0.20554436383081837
2024-09-01,-1.3847377352992032,-0.20644687,-0.04306833,-1.3847377352992032,-1,-1,1.3847377352992032,1.3847377352992032
2024-09-02,1.4302743977643706,-0.21303459,-0.06068072,1.4302743977643706,-1,-1,-1.4302743977643706,-1.4302743977643706
2024-09-03,-1.3022901732341152,-0.153936,-0.06391941,-1.3022901732341152,-1,-1,1.3022901732341152,1.3022901732341152
2024-09-04,0.15015264343158377,-0.001418123,0.0691856,0.15015264343158377,-1,1,-0.15015264343158377,0.15015264343158377
2024-09-05,-1.4008764292036182,-0.042965487,-0.091242135,-1.4008764292036182,-1,-1,1.4008764292036182,1.4008764292036182
2024-09-06,-2.1052823830515552,0.009483954,-0.032500174,-2.1052823830515552,1,-1,-2.1052823830515552,2.1052823830515552
2024-09-07,0.39693890995453956,0.029347837,0.07936699,0.39693890995453956,1,1,0.39693890995453956,0.39693890995453956
2024-09-08,0.4733738290217152,-0.13049923,-0.12353597,0.4733738290217152,-1,-1,-0.4733738290217152,-0.4733738290217152
2024-09-09,1.261484378240835,-0.15688138,-0.14080304,1.261484378240835,-1,-1,-1.261484378240835,-1.261484378240835
2024-09-10,0.22787194950182027,-0.1773598,0.01474818,0.22787194950182027,-1,1,-0.22787194950182027,0.22787194950182027
2024-09-11,-0.2112233260890629,-0.06673455,0.05539545,-0.2112233260890629,-1,1,0.2112233260890629,-0.2112233260890629
2024-09-12,0.8481675654836607,-0.08836605,-0.10645972,0.8481675654836607,-1,-1,-0.8481675654836607,-0.8481675654836607
2024-09-13,1.2878310031405795,-0.11113253,-0.08920208,1.2878310031405795,-1,-1,-1.2878310031405795,-1.2878310031405795
2024-09-14,-0.0685020229311456,0.00057982386,-0.010538478,-0.0685020229311456,1,-1,-0.0685020229311456,0.0685020229311456
2024-09-15,-1.0364772503552397,0.012833423,-0.007544085,-1.0364772503552397,1,-1,-1.0364772503552397,1.0364772503552397
2024-09-16,-0.599326129653962,0.01077173,-0.008109402,-0.599326129653962,1,-1,-0.599326129653962,0.599326129653962
2024-09-17,0.8540583667421033,-0.06868416,-0.047013827,0.8540583667421033,-1,-1,-0.8540583667421033,-0.8540583667421033
2024-09-18,0.514691886610221,-0.06019894,-0.065197825,0.514691886610221,-1,-1,-0.514691886610221,-0.514691886610221
2024-09-19,0.9445763525975353,-0.07647091,-0.0230461,0.9445763525975353,-1,-1,-0.9445763525975353,-0.9445763525975353
2024-09-20,0.3704459391894865,0.025419429,-0.016420452,0.3704459391894865,1,-1,0.3704459391894865,-0.3704459391894865
2024-09-21,0.7917664015248158,-0.028647944,-0.048203595,0.7917664015248158,-1,-1,-0.7917664015248158,-0.7917664015248158
2024-09-22,-0.3184296952106715,0.022371843,-0.026264666,-0.3184296952106715,1,-1,-0.3184296952106715,0.3184296952106715
2024-09-23,0.3916957165386332,-0.027100414,-0.05890983,0.3916957165386332,-1,-1,-0.3916957165386332,-0.3916957165386332
2024-09-24,0.3057212610133668,-0.019089663,-0.025936538,0.3057212610133668,-1,-1,-0.3057212610133668,-0.3057212610133668
2024-09-25,-1.0726592142201352,0.016222347,-0.017627127,-1.0726592142201352,1,-1,-1.0726592142201352,1.0726592142201352
2024-09-26,0.8374515821246296,-0.04452591,-0.030974213,0.8374515821246296,-1,-1,-0.8374515821246296,-0.8374515821246296
2024-09-27,0.5260684878770945,-0.029397106,-0.06523592,0.5260684878770945,-1,-1,-0.5260684878770945,-0.5260684878770945
2024-09-28,0.11531702219878348,-0.047942437,-0.044675432,0.11531702219878348,-1,-1,-0.11531702219878348,-0.11531702219878348
2024-09-29,0.062362587862212,-0.058780756,0.085357256,0.062362587862212,-1,1,-0.062362587862212,0.062362587862212
2024-09-30,-1.739740361504792,-0.02201647,0.12713929,-1.739740361504792,-1,1,1.739740361504792,-1.739740361504792
2024-10-01,-1.787345167808358,-0.004303349,-0.10248498,-1.787345167808358,-1,-1,1.787345167808358,1.787345167808358
2024-10-02,-1.4221356798376905,-0.041182544,0.15550905,-1.4221356798376905,-1,1,1.4221356798376905,-1.4221356798376905
2024-10-03,-0.3562194954456821,-0.08784304,0.15614238,-0.3562194954456821,-1,1,0.3562194954456821,-0.3562194954456821
2024-10-04,0.9123882913057113,-0.02581717,-0.67581713,0.9123882913057113,-1,-1,-0.9123882913057113,-0.9123882913057113
2024-10-05,-0.01703094377544081,-0.05325815,-0.072732225,-0.01703094377544081,-1,-1,0.01703094377544081,0.01703094377544081
2024-10-06,0.4099212605584544,-0.013633913,-0.1930583,0.4099212605584544,-1,-1,-0.4099212605584544,-0.4099212605584544
2024-10-07,-0.4086352786046744,-0.004223161,0.0099819815,-0.4086352786046744,-1,1,0.4086352786046744,-0.4086352786046744
2024-10-08,0.29444746464231003,-0.04185895,-0.010512803,0.29444746464231003,-1,-1,-0.29444746464231003,-0.29444746464231003
2024-10-09,-1.0506280993388928,-0.021490019,-0.0011754704,-1.0506280993388928,-1,-1,1.0506280993388928,1.0506280993388928
2024-10-10,-0.15866341806792914,-0.019766977,0.0047771866,-0.15866341806792914,-1,1,0.15866341806792914,-0.15866341806792914
2024-10-11,0.9840909772375261,-0.033983294,-0.02418537,0.9840909772375261,-1,-1,-0.9840909772375261,-0.9840909772375261
2024-10-12,0.39794240973383055,-0.019228417,-0.09864099,0.39794240973383055,-1,-1,-0.39794240973383055,-0.39794240973383055
2024-10-13,-0.4061441829990483,-0.023095582,-0.04922075,-0.4061441829990483,-1,-1,0.4061441829990483,0.4061441829990483
2024-10-14,1.909613838245229,-0.067545384,-0.05682674,1.909613838245229,-1,-1,-1.909613838245229,-1.909613838245229
2024-10-15,0.003192297736069611,-0.01163964,-0.073503435,0.003192297736069611,-1,-1,-0.003192297736069611,-0.003192297736069611
2024-10-16,0.30724810304414046,0.029752813,0.0015945848,0.30724810304414046,1,1,0.30724810304414046,0.30724810304414046
2024-10-17,-0.36993382577775,0.019044682,-0.028911,-0.36993382577775,1,-1,-0.36993382577775,0.36993382577775
2024-10-18,0.483405877366151,0.002851107,0.002373257,0.483405877366151,1,1,0.483405877366151,0.483405877366151
2024-10-19,-0.11224444740408672,0.023426242,-0.04061327,-0.11224444740408672,1,-1,-0.11224444740408672,0.11224444740408672
2024-10-20,0.6195976174649408,-0.014838512,-0.0006561777,0.6195976174649408,-1,-1,-0.6195976174649408,-0.6195976174649408
2024-10-21,-0.8248751495543143,-0.0010344307,0.034290954,-0.8248751495543143,-1,1,0.8248751495543143,-0.8248751495543143
2024-10-22,-0.5424370724139534,0.002096203,-0.025053438,-0.5424370724139534,1,-1,-0.5424370724139534,0.5424370724139534
2024-10-23,-0.8777822590163322,-0.03392408,-0.0067517627,-0.8777822590163322,-1,-1,0.8777822590163322,0.8777822590163322
2024-10-24,0.5366687187949875,-0.056382366,-0.029331746,0.5366687187949875,-1,-1,-0.5366687187949875,-0.5366687187949875
2024-10-25,-1.7321639169429988,-0.03381398,-0.015217693,-1.7321639169429988,-1,-1,1.7321639169429988,1.7321639169429988
2024-10-26,0.6683161098522641,-0.06013963,0.094957516,0.6683161098522641,-1,1,-0.6683161098522641,0.6683161098522641
2024-10-27,0.4056687229724737,-0.06490437,0.16285224,0.4056687229724737,-1,1,-0.4056687229724737,0.4056687229724737
2024-10-28,0.779422335056899,-0.065552674,-0.053199325,0.779422335056899,-1,-1,-0.779422335056899,-0.779422335056899
2024-10-29,1.0358967912822996,-0.06868668,-0.097993545,1.0358967912822996,-1,-1,-1.0358967912822996,-1.0358967912822996
2024-10-30,-0.2750206856009184,-0.06458198,0.02121868,-0.2750206856009184,-1,1,0.2750206856009184,-0.2750206856009184
2024-10-31,-1.6242061664810585,-0.044267822,-0.13728747,-1.6242061664810585,-1,-1,1.6242061664810585,1.6242061664810585
2024-11-01,-0.26046694956480837,-0.052103646,0.13450682,-0.26046694956480837,-1,1,0.26046694956480837,-0.26046694956480837
2024-11-02,-0.33499799974882005,-0.042564444,-0.054804865,-0.33499799974882005,-1,-1,0.33499799974882005,0.33499799974882005
2024-11-03,-0.5969366524324601,-0.025094524,-0.03185221,-0.5969366524324601,-1,-1,0.5969366524324601,0.5969366524324601
2024-11-04,-0.6858078628144648,-0.057025593,-0.042409,-0.6858078628144648,-1,-1,0.6858078628144648,0.6858078628144648
2024-11-05,0.7377845720200934,-0.044381145,-0.1606431,0.7377845720200934,-1,-1,-0.7377845720200934,-0.7377845720200934
2024-11-06,3.357423610639417,-0.06205562,-0.08110102,3.357423610639417,-1,-1,-3.357423610639417,-3.357423610639417
2024-11-07,0.9917635373500416,0.025977707,-0.06786086,0.9917635373500416,1,-1,0.9917635373500416,-0.9917635373500416
2024-11-08,0.28748526365372246,-0.010416763,-0.05586875,0.28748526365372246,-1,-1,-0.28748526365372246,-0.28748526365372246
2024-11-09,1.0520843058853377,0.0046305284,0.037109636,1.0520843058853377,1,1,1.0520843058853377,1.0520843058853377
2024-11-10,1.3409173336140943,0.114554085,0.14443657,1.3409173336140943,1,1,1.3409173336140943,1.3409173336140943
2024-11-11,2.9071021533422003,0.1476883,0.14217775,2.9071021533422003,1,1,2.9071021533422003,2.9071021533422003
2024-11-12,-0.019481372388028377,0.08560894,0.10127058,-0.019481372388028377,1,1,-0.019481372388028377,-0.019481372388028377
2024-11-13,-0.31004829516235705,0.30854884,0.5006478,-0.31004829516235705,1,1,-0.31004829516235705,-0.31004829516235705
2024-11-14,-0.1016120560705186,0.11326211,0.1218167,-0.1016120560705186,1,1,-0.1016120560705186,-0.1016120560705186
2024-11-15,1.695937709543693,0.20644459,0.09774967,1.695937709543693,1,1,1.695937709543693,1.695937709543693
2024-11-16,1.835569111563191,0.14824688,0.1284416,1.835569111563191,1,1,1.835569111563191,1.835569111563191
2024-11-17,-0.8956060426457296,0.048332695,0.19586433,-0.8956060426457296,1,1,-0.8956060426457296,-0.8956060426457296
2024-11-18,0.9989903651147831,0.36445564,0.27504018,0.9989903651147831,1,1,0.9989903651147831,0.9989903651147831
2024-11-19,-0.3591094256222428,-0.0137579385,0.10708204,-0.3591094256222428,-1,1,0.3591094256222428,-0.3591094256222428
2024-11-20,-0.04730690340341381,0.09686959,0.1382565,-0.04730690340341381,1,1,-0.04730690340341381,-0.04730690340341381
2024-11-21,2.7806950423713857,0.12675467,0.076728575,2.7806950423713857,1,1,2.7806950423713857,2.7806950423713857
2024-11-22,1.2450682258704107,0.5042079,0.12963565,1.2450682258704107,1,1,1.2450682258704107,1.2450682258704107
2024-11-23,0.30270082285505717,0.3375998,0.13103582,0.30270082285505717,1,1,0.30270082285505717,0.30270082285505717
2024-11-24,-0.1864178459633069,0.18601814,0.16095014,-0.1864178459633069,1,1,-0.1864178459633069,-0.1864178459633069
2024-11-25,-1.0062510051674822,0.058666874,-0.19959748,-1.0062510051674822,1,-1,-1.0062510051674822,1.0062510051674822
2024-11-26,-0.9726605561780994,0.1275343,0.12522359,-0.9726605561780994,1,1,-0.9726605561780994,-0.9726605561780994
2024-11-27,2.482362431946523,0.116042696,0.12490182,2.482362431946523,1,1,2.482362431946523,2.482362431946523
2024-11-28,0.09266226773018602,0.28176397,0.24289536,0.09266226773018602,1,1,0.09266226773018602,0.09266226773018602
2024-11-29,1.468996565253125,0.22827381,0.14560452,1.468996565253125,1,1,1.468996565253125,1.468996565253125
2024-11-30,0.7393211623070692,-0.21564169,-0.07800425,0.7393211623070692,-1,-1,-0.7393211623070692,-0.7393211623070692
2024-12-01,1.379136339019133,-0.43735355,-0.3630036,1.379136339019133,-1,-1,-1.379136339019133,-1.379136339019133
2024-12-02,0.6933728601573759,-0.16212285,-0.24789934,0.6933728601573759,-1,-1,-0.6933728601573759,-0.6933728601573759
2024-12-03,0.6746035002309234,0.06583791,-0.15830313,0.6746035002309234,1,-1,0.6746035002309234,-0.6746035002309234
2024-12-04,0.44692918429173656,0.18442835,0.109455235,0.44692918429173656,1,1,0.44692918429173656,0.44692918429173656
2024-12-05,-1.0857350527329799,0.06905944,-0.07251627,-1.0857350527329799,1,-1,-1.0857350527329799,1.0857350527329799
2024-12-06,1.684865717450018,0.7011113,0.29580548,1.684865717450018,1,1,1.684865717450018,1.684865717450018
2024-12-07,0.7383413057572157,-0.078043066,0.061395694,0.7383413057572157,-1,1,-0.7383413057572157,0.7383413057572157
2024-12-08,0.1293639814325403,-0.022906577,0.099084035,0.1293639814325403,-1,1,-0.1293639814325403,0.1293639814325403
2024-12-09,-3.5226552350924614,-0.12055487,-0.18465808,-3.5226552350924614,-1,-1,3.5226552350924614,3.5226552350924614
2024-12-10,-0.17789440981656257,0.10273794,0.41319874,-0.17789440981656257,1,1,-0.17789440981656257,-0.17789440981656257
2024-12-11,1.819320196938407,0.38575035,0.25817397,1.819320196938407,1,1,1.819320196938407,1.819320196938407
2024-12-12,-0.30012332130892494,0.13567306,0.10002398,-0.30012332130892494,1,1,-0.30012332130892494,-0.30012332130892494
2024-12-13,0.7300091176934744,0.17387642,0.09482523,0.7300091176934744,1,1,0.7300091176934744,0.7300091176934744
2024-12-14,-0.39129061262101006,0.06800047,0.15985416,-0.39129061262101006,1,1,-0.39129061262101006,-0.39129061262101006
2024-12-15,0.9275980606966139,0.067457035,0.14695072,0.9275980606966139,1,1,0.9275980606966139,0.9275980606966139
2024-12-16,0.2717957226394934,0.1496922,0.20304704,0.2717957226394934,1,1,0.2717957226394934,0.2717957226394934
2024-12-17,-0.18870381517573653,0.09705908,0.04136934,-0.18870381517573653,1,1,-0.18870381517573653,-0.18870381517573653
2024-12-18,-2.8394752535372114,0.28981107,0.19057973,-2.8394752535372114,1,1,-2.8394752535372114,-2.8394752535372114
2024-12-19,-1.4839866179336596,0.3638803,0.17258817,-1.4839866179336596,1,1,-1.4839866179336596,-1.4839866179336596
2024-12-20,0.22018151541175107,0.076753624,0.0163683,0.22018151541175107,1,1,0.22018151541175107,0.22018151541175107
2024-12-21,-0.9033976104939154,0.5130771,0.12294526,-0.9033976104939154,1,1,-0.9033976104939154,-0.9033976104939154
2024-12-22,-0.9636589923208128,-0.15157998,-0.046946615,-0.9636589923208128,-1,-1,0.9636589923208128,0.9636589923208128
2024-12-23,1.188596347033734,0.042143054,0.20422797,1.188596347033734,1,1,1.188596347033734,1.188596347033734
2024-12-24,1.10708370329139,-0.119401775,-0.08278516,1.10708370329139,-1,-1,-1.10708370329139,-1.10708370329139
2024-12-25,-0.014693317604167729,-0.15502626,-0.02131656,-0.014693317604167729,-1,-1,0.014693317604167729,0.014693317604167729
2024-12-26,-1.8254072304192037,0.0003409955,-0.030716566,-1.8254072304192037,1,-1,-1.8254072304192037,1.8254072304192037
2024-12-27,-0.2684514337819654,0.15150496,0.22064272,-0.2684514337819654,1,1,-0.2684514337819654,-0.2684514337819654
2024-12-28,0.8323083930538362,-0.03030416,-0.035366796,0.8323083930538362,-1,-1,-0.8323083930538362,-0.8323083930538362
2024-12-29,-1.12304424094777,-0.26712528,-0.22879402,-1.12304424094777,-1,-1,1.12304424094777,1.12304424094777
2024-12-30,-0.22032966170752,-0.029328216,-0.10496596,-0.22032966170752,-1,-1,0.22032966170752,0.22032966170752
2024-12-31,0.03806616610867404,-0.13301238,-0.1556601,0.03806616610867404,-1,-1,-0.03806616610867404,-0.03806616610867404
2025-01-01,1.244599045774169,-0.062733494,-0.0691394,1.244599045774169,-1,-1,-1.244599045774169,-1.244599045774169
