Coin,Variable,ADF Statistic,p-value,Number of Lags,Result
DAI,LogVolChange,-11.354389705149021,9.81583795570852e-21,25,Stationary
USDC,LogVolChange,-10.531925927612495,9.10485211608873e-19,25,Stationary
USDT,LogVolChange,-10.678880095298537,3.9877016135487504e-19,25,Stationary
DAI,LogVolChange_Weekly,-11.375883852739172,8.748279358421187e-21,21,Stationary
USDC,LogVolChange_Weekly,-11.715966779220132,1.4510472916570667e-21,20,Stationary
USDT,LogVolChange_Weekly,-10.179160102906668,6.766396425347291e-18,23,Stationary
DAI,LogVolChange_Monthly,-11.065680618457481,4.688280553062659e-20,6,Stationary
USDC,LogVolChange_Monthly,-8.067080157527926,1.5856708605979987e-12,25,Stationary
USDT,LogVolChange_Monthly,-8.468336702471065,1.5011624481414557e-13,25,Stationary
DAI,RS,-15.785940737018928,1.116790725299357e-28,17,Stationary
USDC,RS,-14.134404791601792,2.3035910571510305e-26,23,Stationary
USDT,RS,-11.841003860321743,7.590053697971927e-22,24,Stationary
DAI,RS_Weekly,-13.526161295190878,2.6760268147362604e-25,21,Stationary
USDC,RS_Weekly,-14.493074341952257,6.1031933943497674e-27,20,Stationary
USDT,RS_Weekly,-13.082718518488516,1.8565358518701792e-24,22,Stationary
DAI,RS_Monthly,-27.302729509020203,0.0,1,Stationary
USDC,RS_Monthly,-26.464931623368734,0.0,1,Stationary
USDT,RS_Monthly,-16.727459841117817,1.3920926011945479e-29,4,Stationary
DAI,Log Returns,-12.392454194253137,4.7555470248607253e-23,25,Stationary
USDC,Log Returns,-15.003812138461745,1.0800978274520806e-27,23,Stationary
USDT,Log Returns,-13.270449319224893,8.05739569297104e-25,25,Stationary
DAI,Log Returns_Weekly,-11.626530057944107,2.316450325479782e-21,25,Stationary
USDC,Log Returns_Weekly,-13.878292013070864,6.279130033136632e-26,21,Stationary
USDT,Log Returns_Weekly,-11.800769537222868,9.342726502666432e-22,22,Stationary
DAI,Log Returns_Monthly,-8.236812971269067,5.859973429177147e-13,25,Stationary
USDC,Log Returns_Monthly,-15.825631787504093,1.0081335047408313e-28,5,Stationary
USDT,Log Returns_Monthly,-8.066549953427662,1.5906012112682019e-12,25,Stationary
DAI,Upside_Vol,-13.397791877480506,4.630145192874318e-25,22,Stationary
USDC,Upside_Vol,-14.351481767566094,1.0199791338588299e-26,22,Stationary
USDT,Upside_Vol,-16.492895306165433,2.1840492849801393e-29,18,Stationary
DAI,Upside_Vol_Weekly,-13.268953312364536,8.110487190642055e-25,22,Stationary
USDC,Upside_Vol_Weekly,-13.438603212030928,3.8851634171907824e-25,22,Stationary
USDT,Upside_Vol_Weekly,-12.470705219407694,3.24970945676931e-23,25,Stationary
DAI,Upside_Vol_Monthly,-10.045178441830826,1.4608321094126486e-17,24,Stationary
USDC,Upside_Vol_Monthly,-21.685144895232288,0.0,3,Stationary
USDT,Upside_Vol_Monthly,-49.55558023286911,0.0,0,Stationary
DAI,Downside_Vol,-14.580778411838322,4.472243934584048e-27,22,Stationary
USDC,Downside_Vol,-14.215745814403718,1.6910661709670974e-26,23,Stationary
USDT,Downside_Vol,-13.389118094375101,4.806673853152296e-25,23,Stationary
DAI,Downside_Vol_Weekly,-13.030553637144312,2.3499246359060798e-24,22,Stationary
USDC,Downside_Vol_Weekly,-14.722638127688336,2.736713410783935e-27,20,Stationary
USDT,Downside_Vol_Weekly,-13.990321359246526,4.0274929226349395e-26,22,Stationary
DAI,Downside_Vol_Monthly,-49.32619544795553,0.0,0,Stationary
USDC,Downside_Vol_Monthly,-27.792673403130006,0.0,1,Stationary
USDT,Downside_Vol_Monthly,-26.601612636884976,0.0,2,Stationary
BNB,LogVolChange,-11.691866974942972,1.6454017182845356e-21,25,Stationary
BTC,LogVolChange,-11.793461789182501,9.702773067417516e-22,25,Stationary
ETH,LogVolChange,-10.330143785295324,2.8566126750585216e-18,25,Stationary
XRP,LogVolChange,-10.347507550855855,2.587838962739191e-18,23,Stationary
BNB,LogVolChange_Weekly,-10.796345772545163,2.0708473714744814e-19,21,Stationary
BTC,LogVolChange_Weekly,-11.235767880235123,1.8590789978051404e-20,21,Stationary
ETH,LogVolChange_Weekly,-10.348519140105545,2.5729903263550737e-18,21,Stationary
XRP,LogVolChange_Weekly,-9.331039079250731,9.32729829460459e-16,21,Stationary
BNB,LogVolChange_Monthly,-7.744042986756426,1.0434170944010482e-11,23,Stationary
BTC,LogVolChange_Monthly,-9.050965009368259,4.841339748169073e-15,22,Stationary
ETH,LogVolChange_Monthly,-8.468073755503681,1.503489071294136e-13,25,Stationary
XRP,LogVolChange_Monthly,-8.109077442886209,1.2398558554717866e-12,22,Stationary
BNB,RS,-13.073040696176333,1.9392739094910462e-24,24,Stationary
BTC,RS,-12.861388101802667,5.101556920197429e-24,24,Stationary
ETH,RS,-13.357228523733571,5.5177634787070345e-25,24,Stationary
XRP,RS,-13.941152758922053,4.889124257785425e-26,23,Stationary
BNB,RS_Weekly,-14.273745329323118,1.3603637048658407e-26,25,Stationary
BTC,RS_Weekly,-12.517222480766492,2.5954329631961124e-23,25,Stationary
ETH,RS_Weekly,-13.424380562552205,4.1296040056737374e-25,25,Stationary
XRP,RS_Weekly,-13.213562825569468,1.0353073811280462e-24,25,Stationary
BNB,RS_Monthly,-10.367081094757662,2.3152701712340734e-18,24,Stationary
BTC,RS_Monthly,-33.11302550470928,0.0,1,Stationary
ETH,RS_Monthly,-17.40904601729087,4.897791339703101e-30,7,Stationary
XRP,RS_Monthly,-14.161573541031911,2.076565553348256e-26,11,Stationary
BNB,Log Returns,-10.430515052035211,1.6152966022259241e-18,13,Stationary
BTC,Log Returns,-13.946579552198664,4.7852382245969395e-26,8,Stationary
ETH,Log Returns,-12.883503269134852,4.6055951196283495e-24,9,Stationary
XRP,Log Returns,-44.08190294724633,0.0,0,Stationary
BNB,Log Returns_Weekly,-7.314784896868214,1.2374273223600655e-10,25,Stationary
BTC,Log Returns_Weekly,-6.6678480190550244,4.668433377481253e-09,21,Stationary
ETH,Log Returns_Weekly,-6.803302369103558,2.2088543983452964e-09,21,Stationary
XRP,Log Returns_Weekly,-8.167480666515306,8.803349888204082e-13,25,Stationary
BNB,Log Returns_Monthly,-6.403891345248909,1.9648390228730875e-08,24,Stationary
BTC,Log Returns_Monthly,-5.416055882743117,3.1338775330009617e-06,9,Stationary
ETH,Log Returns_Monthly,-7.056190864875888,5.367659274319136e-10,17,Stationary
XRP,Log Returns_Monthly,-9.813284943226348,5.582996187910434e-17,25,Stationary
BNB,Upside_Vol,-14.343109535548491,1.0518943287305461e-26,19,Stationary
BTC,Upside_Vol,-12.821001139702782,6.153598438597102e-24,25,Stationary
ETH,Upside_Vol,-13.12217878221709,1.555049367789679e-24,24,Stationary
XRP,Upside_Vol,-13.778650484671529,9.386170717487806e-26,25,Stationary
BNB,Upside_Vol_Weekly,-15.480263366224696,2.561681898800944e-28,16,Stationary
BTC,Upside_Vol_Weekly,-15.304635122868191,4.266513402338607e-28,22,Stationary
ETH,Upside_Vol_Weekly,-14.508752768025628,5.770880931593327e-27,22,Stationary
XRP,Upside_Vol_Weekly,-16.34848469908122,2.94835070146802e-29,20,Stationary
BNB,Upside_Vol_Monthly,-12.090563022161371,2.127429122072464e-22,25,Stationary
BTC,Upside_Vol_Monthly,-13.676129812678719,1.429153592059521e-25,25,Stationary
ETH,Upside_Vol_Monthly,-13.21222264185978,1.041464698264167e-24,22,Stationary
XRP,Upside_Vol_Monthly,-14.051947304763251,3.165980741902336e-26,11,Stationary
BNB,Downside_Vol,-13.575308635660166,2.175340796285898e-25,24,Stationary
BTC,Downside_Vol,-14.343324029391322,1.0510636911065787e-26,20,Stationary
ETH,Downside_Vol,-13.964518305839857,4.4579150825304524e-26,24,Stationary
XRP,Downside_Vol,-13.224933189181918,9.8455381828788e-25,25,Stationary
BNB,Downside_Vol_Weekly,-13.874248945604117,6.381576752718834e-26,25,Stationary
BTC,Downside_Vol_Weekly,-13.871080691547554,6.463072557861686e-26,22,Stationary
ETH,Downside_Vol_Weekly,-13.895267747361986,5.867326475601811e-26,25,Stationary
XRP,Downside_Vol_Weekly,-14.099966942307212,2.629284281471691e-26,25,Stationary
BNB,Downside_Vol_Monthly,-10.439509122370698,1.535045976553412e-18,22,Stationary
BTC,Downside_Vol_Monthly,-15.978278072549912,6.881324719590774e-29,8,Stationary
ETH,Downside_Vol_Monthly,-15.224777629018545,5.422937037602857e-28,9,Stationary
XRP,Downside_Vol_Monthly,-18.966090544660908,0.0,5,Stationary
